[{"model": "admin.logentry", "pk": 1, "fields": {"action_time": "2025-09-24T07:26:03.230Z", "user": 1, "content_type": 12, "object_id": "1", "object_repr": "Urganch", "action_flag": 1, "change_message": "[{\"added\": {}}]"}}, {"model": "admin.logentry", "pk": 2, "fields": {"action_time": "2025-09-24T07:26:08.186Z", "user": 1, "content_type": 12, "object_id": "2", "object_repr": "Shovot", "action_flag": 1, "change_message": "[{\"added\": {}}]"}}, {"model": "admin.logentry", "pk": 3, "fields": {"action_time": "2025-09-24T07:26:13.842Z", "user": 1, "content_type": 12, "object_id": "3", "object_repr": "Katkala", "action_flag": 1, "change_message": "[{\"added\": {}}]"}}, {"model": "admin.logentry", "pk": 4, "fields": {"action_time": "2025-09-24T09:48:30.724Z", "user": 1, "content_type": 19, "object_id": "9", "object_repr": "3-╦шэш -Shovot - 09  ", "action_flag": 3, "change_message": ""}}, {"model": "admin.logentry", "pk": 5, "fields": {"action_time": "2025-09-24T09:48:30.724Z", "user": 1, "content_type": 19, "object_id": "8", "object_repr": "2-╦шэш -Shovot - 09  ", "action_flag": 3, "change_message": ""}}, {"model": "admin.logentry", "pk": 6, "fields": {"action_time": "2025-09-24T09:48:30.724Z", "user": 1, "content_type": 19, "object_id": "7", "object_repr": "1-╦шэш -Shovot - 09  ", "action_flag": 3, "change_message": ""}}, {"model": "admin.logentry", "pk": 7, "fields": {"action_time": "2025-09-24T09:53:55.453Z", "user": 1, "content_type": 19, "object_id": "12", "object_repr": "3-╦шэш -Shovot - 09  ", "action_flag": 3, "change_message": ""}}, {"model": "admin.logentry", "pk": 8, "fields": {"action_time": "2025-09-24T09:53:55.453Z", "user": 1, "content_type": 19, "object_id": "11", "object_repr": "2-╦шэш -Shovot - 09  ", "action_flag": 3, "change_message": ""}}, {"model": "admin.logentry", "pk": 9, "fields": {"action_time": "2025-09-24T09:53:55.453Z", "user": 1, "content_type": 19, "object_id": "10", "object_repr": "1-╦шэш -Shovot - 09  ", "action_flag": 3, "change_message": ""}}, {"model": "admin.logentry", "pk": 10, "fields": {"action_time": "2025-09-24T09:58:05.371Z", "user": 1, "content_type": 19, "object_id": "15", "object_repr": "3-╦шэш -Shovot - 09  ", "action_flag": 3, "change_message": ""}}, {"model": "admin.logentry", "pk": 11, "fields": {"action_time": "2025-09-24T09:58:05.371Z", "user": 1, "content_type": 19, "object_id": "14", "object_repr": "2-╦шэш -Shovot - 09  ", "action_flag": 3, "change_message": ""}}, {"model": "admin.logentry", "pk": 12, "fields": {"action_time": "2025-09-24T09:58:05.371Z", "user": 1, "content_type": 19, "object_id": "13", "object_repr": "1-╦шэш -Shovot - 09  ", "action_flag": 3, "change_message": ""}}, {"model": "admin.logentry", "pk": 13, "fields": {"action_time": "2025-09-24T12:00:29.354Z", "user": 1, "content_type": 18, "object_id": "125", "object_repr": "LineOrders object (125)", "action_flag": 1, "change_message": "[{\"added\": {}}]"}}, {"model": "admin.logentry", "pk": 14, "fields": {"action_time": "2025-09-24T12:01:51.070Z", "user": 1, "content_type": 18, "object_id": "126", "object_repr": "LineOrders object (126)", "action_flag": 1, "change_message": "[{\"added\": {}}]"}}, {"model": "admin.logentry", "pk": 15, "fields": {"action_time": "2025-09-25T07:43:51.307Z", "user": 1, "content_type": 18, "object_id": "126", "object_repr": "LineOrders object (126)", "action_flag": 3, "change_message": ""}}, {"model": "admin.logentry", "pk": 16, "fields": {"action_time": "2025-09-25T07:49:19.653Z", "user": 1, "content_type": 18, "object_id": "127", "object_repr": "LineOrders object (127)", "action_flag": 1, "change_message": "[{\"added\": {}}]"}}, {"model": "admin.logentry", "pk": 17, "fields": {"action_time": "2025-09-26T06:12:24.585Z", "user": 1, "content_type": 18, "object_id": "130", "object_repr": "LineOrders object (130)", "action_flag": 3, "change_message": ""}}, {"model": "admin.logentry", "pk": 18, "fields": {"action_time": "2025-09-26T06:13:35.880Z", "user": 1, "content_type": 18, "object_id": "131", "object_repr": "LineOrders object (131)", "action_flag": 3, "change_message": ""}}, {"model": "admin.logentry", "pk": 19, "fields": {"action_time": "2025-09-26T07:09:13.768Z", "user": 1, "content_type": 18, "object_id": "133", "object_repr": "LineOrders object (133)", "action_flag": 3, "change_message": ""}}, {"model": "admin.logentry", "pk": 20, "fields": {"action_time": "2025-09-26T07:09:13.768Z", "user": 1, "content_type": 18, "object_id": "132", "object_repr": "LineOrders object (132)", "action_flag": 3, "change_message": ""}}, {"model": "admin.logentry", "pk": 21, "fields": {"action_time": "2025-09-26T07:09:13.768Z", "user": 1, "content_type": 18, "object_id": "129", "object_repr": "LineOrders object (129)", "action_flag": 3, "change_message": ""}}, {"model": "admin.logentry", "pk": 22, "fields": {"action_time": "2025-09-26T07:09:13.768Z", "user": 1, "content_type": 18, "object_id": "128", "object_repr": "LineOrders object (128)", "action_flag": 3, "change_message": ""}}, {"model": "admin.logentry", "pk": 23, "fields": {"action_time": "2025-09-26T07:09:13.768Z", "user": 1, "content_type": 18, "object_id": "127", "object_repr": "LineOrders object (127)", "action_flag": 3, "change_message": ""}}, {"model": "admin.logentry", "pk": 24, "fields": {"action_time": "2025-09-26T07:09:13.768Z", "user": 1, "content_type": 18, "object_id": "125", "object_repr": "LineOrders object (125)", "action_flag": 3, "change_message": ""}}, {"model": "admin.logentry", "pk": 25, "fields": {"action_time": "2025-09-26T07:09:13.768Z", "user": 1, "content_type": 18, "object_id": "124", "object_repr": "LineOrders object (124)", "action_flag": 3, "change_message": ""}}, {"model": "admin.logentry", "pk": 26, "fields": {"action_time": "2025-09-26T07:09:13.768Z", "user": 1, "content_type": 18, "object_id": "123", "object_repr": "LineOrders object (123)", "action_flag": 3, "change_message": ""}}, {"model": "admin.logentry", "pk": 27, "fields": {"action_time": "2025-09-26T07:09:13.768Z", "user": 1, "content_type": 18, "object_id": "122", "object_repr": "LineOrders object (122)", "action_flag": 3, "change_message": ""}}, {"model": "admin.logentry", "pk": 28, "fields": {"action_time": "2025-09-26T07:09:13.768Z", "user": 1, "content_type": 18, "object_id": "121", "object_repr": "LineOrders object (121)", "action_flag": 3, "change_message": ""}}, {"model": "admin.logentry", "pk": 29, "fields": {"action_time": "2025-09-26T07:09:13.768Z", "user": 1, "content_type": 18, "object_id": "120", "object_repr": "LineOrders object (120)", "action_flag": 3, "change_message": ""}}, {"model": "admin.logentry", "pk": 30, "fields": {"action_time": "2025-09-26T07:09:13.768Z", "user": 1, "content_type": 18, "object_id": "119", "object_repr": "LineOrders object (119)", "action_flag": 3, "change_message": ""}}, {"model": "admin.logentry", "pk": 31, "fields": {"action_time": "2025-09-26T07:09:13.768Z", "user": 1, "content_type": 18, "object_id": "118", "object_repr": "LineOrders object (118)", "action_flag": 3, "change_message": ""}}, {"model": "admin.logentry", "pk": 32, "fields": {"action_time": "2025-09-26T07:09:13.768Z", "user": 1, "content_type": 18, "object_id": "117", "object_repr": "LineOrders object (117)", "action_flag": 3, "change_message": ""}}, {"model": "admin.logentry", "pk": 33, "fields": {"action_time": "2025-09-26T07:09:13.768Z", "user": 1, "content_type": 18, "object_id": "116", "object_repr": "LineOrders object (116)", "action_flag": 3, "change_message": ""}}, {"model": "admin.logentry", "pk": 34, "fields": {"action_time": "2025-09-26T07:09:13.768Z", "user": 1, "content_type": 18, "object_id": "115", "object_repr": "LineOrders object (115)", "action_flag": 3, "change_message": ""}}, {"model": "admin.logentry", "pk": 35, "fields": {"action_time": "2025-09-26T07:09:13.768Z", "user": 1, "content_type": 18, "object_id": "114", "object_repr": "LineOrders object (114)", "action_flag": 3, "change_message": ""}}, {"model": "admin.logentry", "pk": 36, "fields": {"action_time": "2025-09-26T07:09:13.768Z", "user": 1, "content_type": 18, "object_id": "113", "object_repr": "LineOrders object (113)", "action_flag": 3, "change_message": ""}}, {"model": "admin.logentry", "pk": 37, "fields": {"action_time": "2025-09-26T07:09:13.768Z", "user": 1, "content_type": 18, "object_id": "112", "object_repr": "LineOrders object (112)", "action_flag": 3, "change_message": ""}}, {"model": "admin.logentry", "pk": 38, "fields": {"action_time": "2025-09-26T07:09:13.768Z", "user": 1, "content_type": 18, "object_id": "111", "object_repr": "LineOrders object (111)", "action_flag": 3, "change_message": ""}}, {"model": "admin.logentry", "pk": 39, "fields": {"action_time": "2025-09-26T07:09:13.769Z", "user": 1, "content_type": 18, "object_id": "110", "object_repr": "LineOrders object (110)", "action_flag": 3, "change_message": ""}}, {"model": "admin.logentry", "pk": 40, "fields": {"action_time": "2025-09-26T07:09:13.769Z", "user": 1, "content_type": 18, "object_id": "109", "object_repr": "LineOrders object (109)", "action_flag": 3, "change_message": ""}}, {"model": "admin.logentry", "pk": 41, "fields": {"action_time": "2025-09-26T07:09:13.769Z", "user": 1, "content_type": 18, "object_id": "108", "object_repr": "LineOrders object (108)", "action_flag": 3, "change_message": ""}}, {"model": "admin.logentry", "pk": 42, "fields": {"action_time": "2025-09-26T07:09:13.769Z", "user": 1, "content_type": 18, "object_id": "107", "object_repr": "LineOrders object (107)", "action_flag": 3, "change_message": ""}}, {"model": "admin.logentry", "pk": 43, "fields": {"action_time": "2025-09-26T07:09:13.769Z", "user": 1, "content_type": 18, "object_id": "106", "object_repr": "LineOrders object (106)", "action_flag": 3, "change_message": ""}}, {"model": "admin.logentry", "pk": 44, "fields": {"action_time": "2025-09-26T07:09:13.769Z", "user": 1, "content_type": 18, "object_id": "105", "object_repr": "LineOrders object (105)", "action_flag": 3, "change_message": ""}}, {"model": "admin.logentry", "pk": 45, "fields": {"action_time": "2025-09-26T07:09:13.769Z", "user": 1, "content_type": 18, "object_id": "104", "object_repr": "LineOrders object (104)", "action_flag": 3, "change_message": ""}}, {"model": "admin.logentry", "pk": 46, "fields": {"action_time": "2025-09-26T07:09:13.769Z", "user": 1, "content_type": 18, "object_id": "103", "object_repr": "LineOrders object (103)", "action_flag": 3, "change_message": ""}}, {"model": "admin.logentry", "pk": 47, "fields": {"action_time": "2025-09-26T07:09:13.769Z", "user": 1, "content_type": 18, "object_id": "102", "object_repr": "LineOrders object (102)", "action_flag": 3, "change_message": ""}}, {"model": "admin.logentry", "pk": 48, "fields": {"action_time": "2025-09-26T07:09:13.769Z", "user": 1, "content_type": 18, "object_id": "101", "object_repr": "LineOrders object (101)", "action_flag": 3, "change_message": ""}}, {"model": "admin.logentry", "pk": 49, "fields": {"action_time": "2025-09-26T07:09:13.769Z", "user": 1, "content_type": 18, "object_id": "100", "object_repr": "LineOrders object (100)", "action_flag": 3, "change_message": ""}}, {"model": "admin.logentry", "pk": 50, "fields": {"action_time": "2025-09-26T07:09:13.769Z", "user": 1, "content_type": 18, "object_id": "99", "object_repr": "LineOrders object (99)", "action_flag": 3, "change_message": ""}}, {"model": "admin.logentry", "pk": 51, "fields": {"action_time": "2025-09-26T07:09:13.769Z", "user": 1, "content_type": 18, "object_id": "98", "object_repr": "LineOrders object (98)", "action_flag": 3, "change_message": ""}}, {"model": "admin.logentry", "pk": 52, "fields": {"action_time": "2025-09-26T07:09:13.769Z", "user": 1, "content_type": 18, "object_id": "97", "object_repr": "LineOrders object (97)", "action_flag": 3, "change_message": ""}}, {"model": "admin.logentry", "pk": 53, "fields": {"action_time": "2025-09-26T07:09:13.769Z", "user": 1, "content_type": 18, "object_id": "96", "object_repr": "LineOrders object (96)", "action_flag": 3, "change_message": ""}}, {"model": "admin.logentry", "pk": 54, "fields": {"action_time": "2025-09-26T07:09:13.769Z", "user": 1, "content_type": 18, "object_id": "95", "object_repr": "LineOrders object (95)", "action_flag": 3, "change_message": ""}}, {"model": "admin.logentry", "pk": 55, "fields": {"action_time": "2025-09-26T07:09:13.769Z", "user": 1, "content_type": 18, "object_id": "94", "object_repr": "LineOrders object (94)", "action_flag": 3, "change_message": ""}}, {"model": "admin.logentry", "pk": 56, "fields": {"action_time": "2025-09-26T07:09:13.769Z", "user": 1, "content_type": 18, "object_id": "93", "object_repr": "LineOrders object (93)", "action_flag": 3, "change_message": ""}}, {"model": "admin.logentry", "pk": 57, "fields": {"action_time": "2025-09-26T07:09:13.769Z", "user": 1, "content_type": 18, "object_id": "92", "object_repr": "LineOrders object (92)", "action_flag": 3, "change_message": ""}}, {"model": "admin.logentry", "pk": 58, "fields": {"action_time": "2025-09-26T07:09:13.769Z", "user": 1, "content_type": 18, "object_id": "91", "object_repr": "LineOrders object (91)", "action_flag": 3, "change_message": ""}}, {"model": "admin.logentry", "pk": 59, "fields": {"action_time": "2025-09-26T07:09:13.769Z", "user": 1, "content_type": 18, "object_id": "90", "object_repr": "LineOrders object (90)", "action_flag": 3, "change_message": ""}}, {"model": "admin.logentry", "pk": 60, "fields": {"action_time": "2025-09-26T07:09:13.769Z", "user": 1, "content_type": 18, "object_id": "89", "object_repr": "LineOrders object (89)", "action_flag": 3, "change_message": ""}}, {"model": "admin.logentry", "pk": 61, "fields": {"action_time": "2025-09-26T07:09:13.769Z", "user": 1, "content_type": 18, "object_id": "88", "object_repr": "LineOrders object (88)", "action_flag": 3, "change_message": ""}}, {"model": "admin.logentry", "pk": 62, "fields": {"action_time": "2025-09-26T07:09:13.769Z", "user": 1, "content_type": 18, "object_id": "87", "object_repr": "LineOrders object (87)", "action_flag": 3, "change_message": ""}}, {"model": "admin.logentry", "pk": 63, "fields": {"action_time": "2025-09-26T07:09:13.769Z", "user": 1, "content_type": 18, "object_id": "86", "object_repr": "LineOrders object (86)", "action_flag": 3, "change_message": ""}}, {"model": "admin.logentry", "pk": 64, "fields": {"action_time": "2025-09-26T07:09:13.769Z", "user": 1, "content_type": 18, "object_id": "85", "object_repr": "LineOrders object (85)", "action_flag": 3, "change_message": ""}}, {"model": "admin.logentry", "pk": 65, "fields": {"action_time": "2025-09-26T07:09:13.769Z", "user": 1, "content_type": 18, "object_id": "84", "object_repr": "LineOrders object (84)", "action_flag": 3, "change_message": ""}}, {"model": "admin.logentry", "pk": 66, "fields": {"action_time": "2025-09-26T07:09:13.769Z", "user": 1, "content_type": 18, "object_id": "83", "object_repr": "LineOrders object (83)", "action_flag": 3, "change_message": ""}}, {"model": "admin.logentry", "pk": 67, "fields": {"action_time": "2025-09-26T07:09:13.769Z", "user": 1, "content_type": 18, "object_id": "82", "object_repr": "LineOrders object (82)", "action_flag": 3, "change_message": ""}}, {"model": "admin.logentry", "pk": 68, "fields": {"action_time": "2025-09-26T07:09:13.769Z", "user": 1, "content_type": 18, "object_id": "81", "object_repr": "LineOrders object (81)", "action_flag": 3, "change_message": ""}}, {"model": "admin.logentry", "pk": 69, "fields": {"action_time": "2025-09-26T07:09:13.769Z", "user": 1, "content_type": 18, "object_id": "80", "object_repr": "LineOrders object (80)", "action_flag": 3, "change_message": ""}}, {"model": "admin.logentry", "pk": 70, "fields": {"action_time": "2025-09-26T07:09:13.769Z", "user": 1, "content_type": 18, "object_id": "79", "object_repr": "LineOrders object (79)", "action_flag": 3, "change_message": ""}}, {"model": "admin.logentry", "pk": 71, "fields": {"action_time": "2025-09-26T07:09:13.769Z", "user": 1, "content_type": 18, "object_id": "78", "object_repr": "LineOrders object (78)", "action_flag": 3, "change_message": ""}}, {"model": "admin.logentry", "pk": 72, "fields": {"action_time": "2025-09-26T07:09:13.769Z", "user": 1, "content_type": 18, "object_id": "77", "object_repr": "LineOrders object (77)", "action_flag": 3, "change_message": ""}}, {"model": "admin.logentry", "pk": 73, "fields": {"action_time": "2025-09-26T07:09:13.769Z", "user": 1, "content_type": 18, "object_id": "76", "object_repr": "LineOrders object (76)", "action_flag": 3, "change_message": ""}}, {"model": "admin.logentry", "pk": 74, "fields": {"action_time": "2025-09-26T07:09:13.769Z", "user": 1, "content_type": 18, "object_id": "75", "object_repr": "LineOrders object (75)", "action_flag": 3, "change_message": ""}}, {"model": "admin.logentry", "pk": 75, "fields": {"action_time": "2025-09-26T07:09:13.769Z", "user": 1, "content_type": 18, "object_id": "74", "object_repr": "LineOrders object (74)", "action_flag": 3, "change_message": ""}}, {"model": "admin.logentry", "pk": 76, "fields": {"action_time": "2025-09-26T07:09:13.769Z", "user": 1, "content_type": 18, "object_id": "73", "object_repr": "LineOrders object (73)", "action_flag": 3, "change_message": ""}}, {"model": "admin.logentry", "pk": 77, "fields": {"action_time": "2025-09-26T07:09:13.769Z", "user": 1, "content_type": 18, "object_id": "72", "object_repr": "LineOrders object (72)", "action_flag": 3, "change_message": ""}}, {"model": "admin.logentry", "pk": 78, "fields": {"action_time": "2025-09-26T07:09:13.769Z", "user": 1, "content_type": 18, "object_id": "71", "object_repr": "LineOrders object (71)", "action_flag": 3, "change_message": ""}}, {"model": "admin.logentry", "pk": 79, "fields": {"action_time": "2025-09-26T07:09:13.769Z", "user": 1, "content_type": 18, "object_id": "70", "object_repr": "LineOrders object (70)", "action_flag": 3, "change_message": ""}}, {"model": "admin.logentry", "pk": 80, "fields": {"action_time": "2025-09-26T07:09:13.769Z", "user": 1, "content_type": 18, "object_id": "69", "object_repr": "LineOrders object (69)", "action_flag": 3, "change_message": ""}}, {"model": "admin.logentry", "pk": 81, "fields": {"action_time": "2025-09-26T07:09:13.769Z", "user": 1, "content_type": 18, "object_id": "68", "object_repr": "LineOrders object (68)", "action_flag": 3, "change_message": ""}}, {"model": "admin.logentry", "pk": 82, "fields": {"action_time": "2025-09-26T07:09:13.769Z", "user": 1, "content_type": 18, "object_id": "67", "object_repr": "LineOrders object (67)", "action_flag": 3, "change_message": ""}}, {"model": "admin.logentry", "pk": 83, "fields": {"action_time": "2025-09-26T07:09:13.769Z", "user": 1, "content_type": 18, "object_id": "66", "object_repr": "LineOrders object (66)", "action_flag": 3, "change_message": ""}}, {"model": "admin.logentry", "pk": 84, "fields": {"action_time": "2025-09-26T07:09:13.769Z", "user": 1, "content_type": 18, "object_id": "65", "object_repr": "LineOrders object (65)", "action_flag": 3, "change_message": ""}}, {"model": "admin.logentry", "pk": 85, "fields": {"action_time": "2025-09-26T07:09:13.769Z", "user": 1, "content_type": 18, "object_id": "64", "object_repr": "LineOrders object (64)", "action_flag": 3, "change_message": ""}}, {"model": "admin.logentry", "pk": 86, "fields": {"action_time": "2025-09-26T07:09:13.769Z", "user": 1, "content_type": 18, "object_id": "63", "object_repr": "LineOrders object (63)", "action_flag": 3, "change_message": ""}}, {"model": "admin.logentry", "pk": 87, "fields": {"action_time": "2025-09-26T07:09:13.769Z", "user": 1, "content_type": 18, "object_id": "62", "object_repr": "LineOrders object (62)", "action_flag": 3, "change_message": ""}}, {"model": "admin.logentry", "pk": 88, "fields": {"action_time": "2025-09-26T07:09:13.769Z", "user": 1, "content_type": 18, "object_id": "61", "object_repr": "LineOrders object (61)", "action_flag": 3, "change_message": ""}}, {"model": "admin.logentry", "pk": 89, "fields": {"action_time": "2025-09-26T07:09:13.769Z", "user": 1, "content_type": 18, "object_id": "60", "object_repr": "LineOrders object (60)", "action_flag": 3, "change_message": ""}}, {"model": "admin.logentry", "pk": 90, "fields": {"action_time": "2025-09-26T07:09:13.769Z", "user": 1, "content_type": 18, "object_id": "59", "object_repr": "LineOrders object (59)", "action_flag": 3, "change_message": ""}}, {"model": "admin.logentry", "pk": 91, "fields": {"action_time": "2025-09-26T07:09:13.769Z", "user": 1, "content_type": 18, "object_id": "58", "object_repr": "LineOrders object (58)", "action_flag": 3, "change_message": ""}}, {"model": "admin.logentry", "pk": 92, "fields": {"action_time": "2025-09-26T07:09:13.769Z", "user": 1, "content_type": 18, "object_id": "57", "object_repr": "LineOrders object (57)", "action_flag": 3, "change_message": ""}}, {"model": "admin.logentry", "pk": 93, "fields": {"action_time": "2025-09-26T07:09:13.769Z", "user": 1, "content_type": 18, "object_id": "56", "object_repr": "LineOrders object (56)", "action_flag": 3, "change_message": ""}}, {"model": "admin.logentry", "pk": 94, "fields": {"action_time": "2025-09-26T07:09:13.769Z", "user": 1, "content_type": 18, "object_id": "55", "object_repr": "LineOrders object (55)", "action_flag": 3, "change_message": ""}}, {"model": "admin.logentry", "pk": 95, "fields": {"action_time": "2025-09-26T07:09:13.769Z", "user": 1, "content_type": 18, "object_id": "54", "object_repr": "LineOrders object (54)", "action_flag": 3, "change_message": ""}}, {"model": "admin.logentry", "pk": 96, "fields": {"action_time": "2025-09-26T07:09:13.769Z", "user": 1, "content_type": 18, "object_id": "53", "object_repr": "LineOrders object (53)", "action_flag": 3, "change_message": ""}}, {"model": "admin.logentry", "pk": 97, "fields": {"action_time": "2025-09-26T07:09:13.769Z", "user": 1, "content_type": 18, "object_id": "52", "object_repr": "LineOrders object (52)", "action_flag": 3, "change_message": ""}}, {"model": "admin.logentry", "pk": 98, "fields": {"action_time": "2025-09-26T07:09:13.769Z", "user": 1, "content_type": 18, "object_id": "51", "object_repr": "LineOrders object (51)", "action_flag": 3, "change_message": ""}}, {"model": "admin.logentry", "pk": 99, "fields": {"action_time": "2025-09-26T07:09:13.769Z", "user": 1, "content_type": 18, "object_id": "50", "object_repr": "LineOrders object (50)", "action_flag": 3, "change_message": ""}}, {"model": "admin.logentry", "pk": 100, "fields": {"action_time": "2025-09-26T07:09:13.769Z", "user": 1, "content_type": 18, "object_id": "49", "object_repr": "LineOrders object (49)", "action_flag": 3, "change_message": ""}}, {"model": "admin.logentry", "pk": 101, "fields": {"action_time": "2025-09-26T07:09:13.769Z", "user": 1, "content_type": 18, "object_id": "48", "object_repr": "LineOrders object (48)", "action_flag": 3, "change_message": ""}}, {"model": "admin.logentry", "pk": 102, "fields": {"action_time": "2025-09-26T07:09:13.769Z", "user": 1, "content_type": 18, "object_id": "47", "object_repr": "LineOrders object (47)", "action_flag": 3, "change_message": ""}}, {"model": "admin.logentry", "pk": 103, "fields": {"action_time": "2025-09-26T07:09:13.769Z", "user": 1, "content_type": 18, "object_id": "46", "object_repr": "LineOrders object (46)", "action_flag": 3, "change_message": ""}}, {"model": "admin.logentry", "pk": 104, "fields": {"action_time": "2025-09-26T07:09:13.769Z", "user": 1, "content_type": 18, "object_id": "45", "object_repr": "LineOrders object (45)", "action_flag": 3, "change_message": ""}}, {"model": "admin.logentry", "pk": 105, "fields": {"action_time": "2025-09-26T07:09:13.769Z", "user": 1, "content_type": 18, "object_id": "44", "object_repr": "LineOrders object (44)", "action_flag": 3, "change_message": ""}}, {"model": "admin.logentry", "pk": 106, "fields": {"action_time": "2025-09-26T07:09:13.769Z", "user": 1, "content_type": 18, "object_id": "43", "object_repr": "LineOrders object (43)", "action_flag": 3, "change_message": ""}}, {"model": "admin.logentry", "pk": 107, "fields": {"action_time": "2025-09-26T07:09:13.769Z", "user": 1, "content_type": 18, "object_id": "42", "object_repr": "LineOrders object (42)", "action_flag": 3, "change_message": ""}}, {"model": "admin.logentry", "pk": 108, "fields": {"action_time": "2025-09-26T07:09:13.769Z", "user": 1, "content_type": 18, "object_id": "41", "object_repr": "LineOrders object (41)", "action_flag": 3, "change_message": ""}}, {"model": "admin.logentry", "pk": 109, "fields": {"action_time": "2025-09-26T07:09:13.769Z", "user": 1, "content_type": 18, "object_id": "40", "object_repr": "LineOrders object (40)", "action_flag": 3, "change_message": ""}}, {"model": "admin.logentry", "pk": 110, "fields": {"action_time": "2025-09-26T07:09:13.769Z", "user": 1, "content_type": 18, "object_id": "39", "object_repr": "LineOrders object (39)", "action_flag": 3, "change_message": ""}}, {"model": "admin.logentry", "pk": 111, "fields": {"action_time": "2025-09-26T07:09:13.769Z", "user": 1, "content_type": 18, "object_id": "38", "object_repr": "LineOrders object (38)", "action_flag": 3, "change_message": ""}}, {"model": "admin.logentry", "pk": 112, "fields": {"action_time": "2025-09-26T07:09:13.769Z", "user": 1, "content_type": 18, "object_id": "37", "object_repr": "LineOrders object (37)", "action_flag": 3, "change_message": ""}}, {"model": "admin.logentry", "pk": 113, "fields": {"action_time": "2025-09-26T07:09:13.769Z", "user": 1, "content_type": 18, "object_id": "36", "object_repr": "LineOrders object (36)", "action_flag": 3, "change_message": ""}}, {"model": "admin.logentry", "pk": 114, "fields": {"action_time": "2025-09-26T07:09:13.769Z", "user": 1, "content_type": 18, "object_id": "35", "object_repr": "LineOrders object (35)", "action_flag": 3, "change_message": ""}}, {"model": "admin.logentry", "pk": 115, "fields": {"action_time": "2025-09-26T07:09:13.769Z", "user": 1, "content_type": 18, "object_id": "34", "object_repr": "LineOrders object (34)", "action_flag": 3, "change_message": ""}}, {"model": "admin.logentry", "pk": 116, "fields": {"action_time": "2025-09-26T07:09:13.769Z", "user": 1, "content_type": 18, "object_id": "33", "object_repr": "LineOrders object (33)", "action_flag": 3, "change_message": ""}}, {"model": "admin.logentry", "pk": 117, "fields": {"action_time": "2025-09-26T07:09:13.769Z", "user": 1, "content_type": 18, "object_id": "32", "object_repr": "LineOrders object (32)", "action_flag": 3, "change_message": ""}}, {"model": "admin.logentry", "pk": 118, "fields": {"action_time": "2025-09-26T07:09:13.769Z", "user": 1, "content_type": 18, "object_id": "31", "object_repr": "LineOrders object (31)", "action_flag": 3, "change_message": ""}}, {"model": "admin.logentry", "pk": 119, "fields": {"action_time": "2025-09-26T07:09:50.948Z", "user": 1, "content_type": 18, "object_id": "134", "object_repr": "LineOrders object (134)", "action_flag": 1, "change_message": "[{\"added\": {}}]"}}, {"model": "admin.logentry", "pk": 120, "fields": {"action_time": "2025-09-26T07:10:54.269Z", "user": 1, "content_type": 18, "object_id": "135", "object_repr": "LineOrders object (135)", "action_flag": 1, "change_message": "[{\"added\": {}}]"}}, {"model": "admin.logentry", "pk": 121, "fields": {"action_time": "2025-09-26T12:04:11.786Z", "user": 1, "content_type": 18, "object_id": "137", "object_repr": "LineOrders object (137)", "action_flag": 3, "change_message": ""}}, {"model": "admin.logentry", "pk": 122, "fields": {"action_time": "2025-09-26T12:04:11.786Z", "user": 1, "content_type": 18, "object_id": "136", "object_repr": "LineOrders object (136)", "action_flag": 3, "change_message": ""}}, {"model": "admin.logentry", "pk": 123, "fields": {"action_time": "2025-09-26T12:04:11.786Z", "user": 1, "content_type": 18, "object_id": "135", "object_repr": "LineOrders object (135)", "action_flag": 3, "change_message": ""}}, {"model": "admin.logentry", "pk": 124, "fields": {"action_time": "2025-09-26T12:04:11.786Z", "user": 1, "content_type": 18, "object_id": "134", "object_repr": "LineOrders object (134)", "action_flag": 3, "change_message": ""}}, {"model": "admin.logentry", "pk": 125, "fields": {"action_time": "2025-09-26T12:07:27.238Z", "user": 1, "content_type": 18, "object_id": "139", "object_repr": "LineOrders object (139)", "action_flag": 3, "change_message": ""}}, {"model": "admin.logentry", "pk": 126, "fields": {"action_time": "2025-09-26T12:07:27.238Z", "user": 1, "content_type": 18, "object_id": "138", "object_repr": "LineOrders object (138)", "action_flag": 3, "change_message": ""}}, {"model": "admin.logentry", "pk": 127, "fields": {"action_time": "2025-09-27T07:37:04.188Z", "user": 1, "content_type": 9, "object_id": "2", "object_repr": "Entry: 2025-09-27 07:34:32+00:00", "action_flag": 2, "change_message": "[{\"changed\": {\"fields\": [\"Confirmed\"]}}]"}}, {"model": "admin.logentry", "pk": 128, "fields": {"action_time": "2025-10-06T07:07:59.389Z", "user": 1, "content_type": 24, "object_id": "2", "object_repr": "2025-10", "action_flag": 3, "change_message": ""}}, {"model": "admin.logentry", "pk": 129, "fields": {"action_time": "2025-10-06T07:10:15.707Z", "user": 1, "content_type": 24, "object_id": "2", "object_repr": "2025-10", "action_flag": 3, "change_message": ""}}, {"model": "auth.permission", "pk": 1, "fields": {"name": "Can add log entry", "content_type": 1, "codename": "add_logentry"}}, {"model": "auth.permission", "pk": 2, "fields": {"name": "Can change log entry", "content_type": 1, "codename": "change_logentry"}}, {"model": "auth.permission", "pk": 3, "fields": {"name": "Can delete log entry", "content_type": 1, "codename": "delete_logentry"}}, {"model": "auth.permission", "pk": 4, "fields": {"name": "Can view log entry", "content_type": 1, "codename": "view_logentry"}}, {"model": "auth.permission", "pk": 5, "fields": {"name": "Can add permission", "content_type": 2, "codename": "add_permission"}}, {"model": "auth.permission", "pk": 6, "fields": {"name": "Can change permission", "content_type": 2, "codename": "change_permission"}}, {"model": "auth.permission", "pk": 7, "fields": {"name": "Can delete permission", "content_type": 2, "codename": "delete_permission"}}, {"model": "auth.permission", "pk": 8, "fields": {"name": "Can view permission", "content_type": 2, "codename": "view_permission"}}, {"model": "auth.permission", "pk": 9, "fields": {"name": "Can add group", "content_type": 3, "codename": "add_group"}}, {"model": "auth.permission", "pk": 10, "fields": {"name": "Can change group", "content_type": 3, "codename": "change_group"}}, {"model": "auth.permission", "pk": 11, "fields": {"name": "Can delete group", "content_type": 3, "codename": "delete_group"}}, {"model": "auth.permission", "pk": 12, "fields": {"name": "Can view group", "content_type": 3, "codename": "view_group"}}, {"model": "auth.permission", "pk": 13, "fields": {"name": "Can add user", "content_type": 4, "codename": "add_user"}}, {"model": "auth.permission", "pk": 14, "fields": {"name": "Can change user", "content_type": 4, "codename": "change_user"}}, {"model": "auth.permission", "pk": 15, "fields": {"name": "Can delete user", "content_type": 4, "codename": "delete_user"}}, {"model": "auth.permission", "pk": 16, "fields": {"name": "Can view user", "content_type": 4, "codename": "view_user"}}, {"model": "auth.permission", "pk": 17, "fields": {"name": "Can add content type", "content_type": 5, "codename": "add_contenttype"}}, {"model": "auth.permission", "pk": 18, "fields": {"name": "Can change content type", "content_type": 5, "codename": "change_contenttype"}}, {"model": "auth.permission", "pk": 19, "fields": {"name": "Can delete content type", "content_type": 5, "codename": "delete_contenttype"}}, {"model": "auth.permission", "pk": 20, "fields": {"name": "Can view content type", "content_type": 5, "codename": "view_contenttype"}}, {"model": "auth.permission", "pk": 21, "fields": {"name": "Can add session", "content_type": 6, "codename": "add_session"}}, {"model": "auth.permission", "pk": 22, "fields": {"name": "Can change session", "content_type": 6, "codename": "change_session"}}, {"model": "auth.permission", "pk": 23, "fields": {"name": "Can delete session", "content_type": 6, "codename": "delete_session"}}, {"model": "auth.permission", "pk": 24, "fields": {"name": "Can view session", "content_type": 6, "codename": "view_session"}}, {"model": "auth.permission", "pk": 25, "fields": {"name": "Can add stock variant", "content_type": 7, "codename": "add_stockvariant"}}, {"model": "auth.permission", "pk": 26, "fields": {"name": "Can change stock variant", "content_type": 7, "codename": "change_stockvariant"}}, {"model": "auth.permission", "pk": 27, "fields": {"name": "Can delete stock variant", "content_type": 7, "codename": "delete_stockvariant"}}, {"model": "auth.permission", "pk": 28, "fields": {"name": "Can view stock variant", "content_type": 7, "codename": "view_stockvariant"}}, {"model": "auth.permission", "pk": 29, "fields": {"name": "Can add stock", "content_type": 8, "codename": "add_stock"}}, {"model": "auth.permission", "pk": 30, "fields": {"name": "Can change stock", "content_type": 8, "codename": "change_stock"}}, {"model": "auth.permission", "pk": 31, "fields": {"name": "Can delete stock", "content_type": 8, "codename": "delete_stock"}}, {"model": "auth.permission", "pk": 32, "fields": {"name": "Can view stock", "content_type": 8, "codename": "view_stock"}}, {"model": "auth.permission", "pk": 33, "fields": {"name": "Can add total entry", "content_type": 9, "codename": "add_totalentry"}}, {"model": "auth.permission", "pk": 34, "fields": {"name": "Can change total entry", "content_type": 9, "codename": "change_totalentry"}}, {"model": "auth.permission", "pk": 35, "fields": {"name": "Can delete total entry", "content_type": 9, "codename": "delete_totalentry"}}, {"model": "auth.permission", "pk": 36, "fields": {"name": "Can view total entry", "content_type": 9, "codename": "view_totalentry"}}, {"model": "auth.permission", "pk": 37, "fields": {"name": "Can add stock entry", "content_type": 10, "codename": "add_stockentry"}}, {"model": "auth.permission", "pk": 38, "fields": {"name": "Can change stock entry", "content_type": 10, "codename": "change_stockentry"}}, {"model": "auth.permission", "pk": 39, "fields": {"name": "Can delete stock entry", "content_type": 10, "codename": "delete_stockentry"}}, {"model": "auth.permission", "pk": 40, "fields": {"name": "Can view stock entry", "content_type": 10, "codename": "view_stockentry"}}, {"model": "auth.permission", "pk": 41, "fields": {"name": "Can add accessory stock entry", "content_type": 11, "codename": "add_accessorystockentry"}}, {"model": "auth.permission", "pk": 42, "fields": {"name": "Can change accessory stock entry", "content_type": 11, "codename": "change_accessorystockentry"}}, {"model": "auth.permission", "pk": 43, "fields": {"name": "Can delete accessory stock entry", "content_type": 11, "codename": "delete_accessorystockentry"}}, {"model": "auth.permission", "pk": 44, "fields": {"name": "Can view accessory stock entry", "content_type": 11, "codename": "view_accessorystockentry"}}, {"model": "auth.permission", "pk": 45, "fields": {"name": "Can add warehouse", "content_type": 12, "codename": "add_warehouse"}}, {"model": "auth.permission", "pk": 46, "fields": {"name": "Can change warehouse", "content_type": 12, "codename": "change_warehouse"}}, {"model": "auth.permission", "pk": 47, "fields": {"name": "Can delete warehouse", "content_type": 12, "codename": "delete_warehouse"}}, {"model": "auth.permission", "pk": 48, "fields": {"name": "Can view warehouse", "content_type": 12, "codename": "view_warehouse"}}, {"model": "auth.permission", "pk": 49, "fields": {"name": "Can add stock entry variant", "content_type": 13, "codename": "add_stockentryvariant"}}, {"model": "auth.permission", "pk": 50, "fields": {"name": "Can change stock entry variant", "content_type": 13, "codename": "change_stockentryvariant"}}, {"model": "auth.permission", "pk": 51, "fields": {"name": "Can delete stock entry variant", "content_type": 13, "codename": "delete_stockentryvariant"}}, {"model": "auth.permission", "pk": 52, "fields": {"name": "Can view stock entry variant", "content_type": 13, "codename": "view_stockentryvariant"}}, {"model": "auth.permission", "pk": 53, "fields": {"name": "Can add accessory stock", "content_type": 14, "codename": "add_accessorystock"}}, {"model": "auth.permission", "pk": 54, "fields": {"name": "Can change accessory stock", "content_type": 14, "codename": "change_accessorystock"}}, {"model": "auth.permission", "pk": 55, "fields": {"name": "Can delete accessory stock", "content_type": 14, "codename": "delete_accessorystock"}}, {"model": "auth.permission", "pk": 56, "fields": {"name": "Can view accessory stock", "content_type": 14, "codename": "view_accessorystock"}}, {"model": "auth.permission", "pk": 57, "fields": {"name": "Can add month planing order", "content_type": 15, "codename": "add_monthplaningorder"}}, {"model": "auth.permission", "pk": 58, "fields": {"name": "Can change month planing order", "content_type": 15, "codename": "change_monthplaningorder"}}, {"model": "auth.permission", "pk": 59, "fields": {"name": "Can delete month planing order", "content_type": 15, "codename": "delete_monthplaningorder"}}, {"model": "auth.permission", "pk": 60, "fields": {"name": "Can view month planing order", "content_type": 15, "codename": "view_monthplaningorder"}}, {"model": "auth.permission", "pk": 61, "fields": {"name": "Can add production category summary", "content_type": 16, "codename": "add_productioncategorysummary"}}, {"model": "auth.permission", "pk": 62, "fields": {"name": "Can change production category summary", "content_type": 16, "codename": "change_productioncategorysummary"}}, {"model": "auth.permission", "pk": 63, "fields": {"name": "Can delete production category summary", "content_type": 16, "codename": "delete_productioncategorysummary"}}, {"model": "auth.permission", "pk": 64, "fields": {"name": "Can view production category summary", "content_type": 16, "codename": "view_productioncategorysummary"}}, {"model": "auth.permission", "pk": 65, "fields": {"name": "Can add daily", "content_type": 17, "codename": "add_daily"}}, {"model": "auth.permission", "pk": 66, "fields": {"name": "Can change daily", "content_type": 17, "codename": "change_daily"}}, {"model": "auth.permission", "pk": 67, "fields": {"name": "Can delete daily", "content_type": 17, "codename": "delete_daily"}}, {"model": "auth.permission", "pk": 68, "fields": {"name": "Can view daily", "content_type": 17, "codename": "view_daily"}}, {"model": "auth.permission", "pk": 69, "fields": {"name": "Can add line orders", "content_type": 18, "codename": "add_lineorders"}}, {"model": "auth.permission", "pk": 70, "fields": {"name": "Can change line orders", "content_type": 18, "codename": "change_lineorders"}}, {"model": "auth.permission", "pk": 71, "fields": {"name": "Can delete line orders", "content_type": 18, "codename": "delete_lineorders"}}, {"model": "auth.permission", "pk": 72, "fields": {"name": "Can view line orders", "content_type": 18, "codename": "view_lineorders"}}, {"model": "auth.permission", "pk": 73, "fields": {"name": "Can add production norm", "content_type": 19, "codename": "add_productionnorm"}}, {"model": "auth.permission", "pk": 74, "fields": {"name": "Can change production norm", "content_type": 19, "codename": "change_productionnorm"}}, {"model": "auth.permission", "pk": 75, "fields": {"name": "Can delete production norm", "content_type": 19, "codename": "delete_productionnorm"}}, {"model": "auth.permission", "pk": 76, "fields": {"name": "Can view production norm", "content_type": 19, "codename": "view_productionnorm"}}, {"model": "auth.permission", "pk": 77, "fields": {"name": "Can add month planing", "content_type": 20, "codename": "add_monthplaning"}}, {"model": "auth.permission", "pk": 78, "fields": {"name": "Can change month planing", "content_type": 20, "codename": "change_monthplaning"}}, {"model": "auth.permission", "pk": 79, "fields": {"name": "Can delete month planing", "content_type": 20, "codename": "delete_monthplaning"}}, {"model": "auth.permission", "pk": 80, "fields": {"name": "Can view month planing", "content_type": 20, "codename": "view_monthplaning"}}, {"model": "auth.permission", "pk": 81, "fields": {"name": "Can add line daily output", "content_type": 21, "codename": "add_linedailyoutput"}}, {"model": "auth.permission", "pk": 82, "fields": {"name": "Can change line daily output", "content_type": 21, "codename": "change_linedailyoutput"}}, {"model": "auth.permission", "pk": 83, "fields": {"name": "Can delete line daily output", "content_type": 21, "codename": "delete_linedailyoutput"}}, {"model": "auth.permission", "pk": 84, "fields": {"name": "Can view line daily output", "content_type": 21, "codename": "view_linedailyoutput"}}, {"model": "auth.permission", "pk": 85, "fields": {"name": "Can add production line", "content_type": 22, "codename": "add_productionline"}}, {"model": "auth.permission", "pk": 86, "fields": {"name": "Can change production line", "content_type": 22, "codename": "change_productionline"}}, {"model": "auth.permission", "pk": 87, "fields": {"name": "Can delete production line", "content_type": 22, "codename": "delete_productionline"}}, {"model": "auth.permission", "pk": 88, "fields": {"name": "Can view production line", "content_type": 22, "codename": "view_productionline"}}, {"model": "auth.permission", "pk": 89, "fields": {"name": "Can add line", "content_type": 23, "codename": "add_line"}}, {"model": "auth.permission", "pk": 90, "fields": {"name": "Can change line", "content_type": 23, "codename": "change_line"}}, {"model": "auth.permission", "pk": 91, "fields": {"name": "Can delete line", "content_type": 23, "codename": "delete_line"}}, {"model": "auth.permission", "pk": 92, "fields": {"name": "Can view line", "content_type": 23, "codename": "view_line"}}, {"model": "auth.permission", "pk": 93, "fields": {"name": "Can add production report", "content_type": 24, "codename": "add_productionreport"}}, {"model": "auth.permission", "pk": 94, "fields": {"name": "Can change production report", "content_type": 24, "codename": "change_productionreport"}}, {"model": "auth.permission", "pk": 95, "fields": {"name": "Can delete production report", "content_type": 24, "codename": "delete_productionreport"}}, {"model": "auth.permission", "pk": 96, "fields": {"name": "Can view production report", "content_type": 24, "codename": "view_productionreport"}}, {"model": "auth.permission", "pk": 97, "fields": {"name": "Can add norm category", "content_type": 25, "codename": "add_normcategory"}}, {"model": "auth.permission", "pk": 98, "fields": {"name": "Can change norm category", "content_type": 25, "codename": "change_normcategory"}}, {"model": "auth.permission", "pk": 99, "fields": {"name": "Can delete norm category", "content_type": 25, "codename": "delete_normcategory"}}, {"model": "auth.permission", "pk": 100, "fields": {"name": "Can view norm category", "content_type": 25, "codename": "view_normcategory"}}, {"model": "auth.permission", "pk": 101, "fields": {"name": "Can add article", "content_type": 26, "codename": "add_article"}}, {"model": "auth.permission", "pk": 102, "fields": {"name": "Can change article", "content_type": 26, "codename": "change_article"}}, {"model": "auth.permission", "pk": 103, "fields": {"name": "Can delete article", "content_type": 26, "codename": "delete_article"}}, {"model": "auth.permission", "pk": 104, "fields": {"name": "Can view article", "content_type": 26, "codename": "view_article"}}, {"model": "auth.permission", "pk": 105, "fields": {"name": "Can add brand", "content_type": 27, "codename": "add_brand"}}, {"model": "auth.permission", "pk": 106, "fields": {"name": "Can change brand", "content_type": 27, "codename": "change_brand"}}, {"model": "auth.permission", "pk": 107, "fields": {"name": "Can delete brand", "content_type": 27, "codename": "delete_brand"}}, {"model": "auth.permission", "pk": 108, "fields": {"name": "Can view brand", "content_type": 27, "codename": "view_brand"}}, {"model": "auth.permission", "pk": 109, "fields": {"name": "Can add packaging category", "content_type": 28, "codename": "add_packagingcategory"}}, {"model": "auth.permission", "pk": 110, "fields": {"name": "Can change packaging category", "content_type": 28, "codename": "change_packagingcategory"}}, {"model": "auth.permission", "pk": 111, "fields": {"name": "Can delete packaging category", "content_type": 28, "codename": "delete_packagingcategory"}}, {"model": "auth.permission", "pk": 112, "fields": {"name": "Can view packaging category", "content_type": 28, "codename": "view_packagingcategory"}}, {"model": "auth.permission", "pk": 113, "fields": {"name": "Can add order variant", "content_type": 29, "codename": "add_ordervariant"}}, {"model": "auth.permission", "pk": 114, "fields": {"name": "Can change order variant", "content_type": 29, "codename": "change_ordervariant"}}, {"model": "auth.permission", "pk": 115, "fields": {"name": "Can delete order variant", "content_type": 29, "codename": "delete_ordervariant"}}, {"model": "auth.permission", "pk": 116, "fields": {"name": "Can view order variant", "content_type": 29, "codename": "view_ordervariant"}}, {"model": "auth.permission", "pk": 117, "fields": {"name": "Can add accessory", "content_type": 30, "codename": "add_accessory"}}, {"model": "auth.permission", "pk": 118, "fields": {"name": "Can change accessory", "content_type": 30, "codename": "change_accessory"}}, {"model": "auth.permission", "pk": 119, "fields": {"name": "Can delete accessory", "content_type": 30, "codename": "delete_accessory"}}, {"model": "auth.permission", "pk": 120, "fields": {"name": "Can view accessory", "content_type": 30, "codename": "view_accessory"}}, {"model": "auth.permission", "pk": 121, "fields": {"name": "Can add order", "content_type": 31, "codename": "add_order"}}, {"model": "auth.permission", "pk": 122, "fields": {"name": "Can change order", "content_type": 31, "codename": "change_order"}}, {"model": "auth.permission", "pk": 123, "fields": {"name": "Can delete order", "content_type": 31, "codename": "delete_order"}}, {"model": "auth.permission", "pk": 124, "fields": {"name": "Can view order", "content_type": 31, "codename": "view_order"}}, {"model": "auth.permission", "pk": 125, "fields": {"name": "Can add sewing category", "content_type": 32, "codename": "add_sewingcategory"}}, {"model": "auth.permission", "pk": 126, "fields": {"name": "Can change sewing category", "content_type": 32, "codename": "change_sewingcategory"}}, {"model": "auth.permission", "pk": 127, "fields": {"name": "Can delete sewing category", "content_type": 32, "codename": "delete_sewingcategory"}}, {"model": "auth.permission", "pk": 128, "fields": {"name": "Can view sewing category", "content_type": 32, "codename": "view_sewingcategory"}}, {"model": "auth.permission", "pk": 129, "fields": {"name": "Can add specification", "content_type": 33, "codename": "add_specification"}}, {"model": "auth.permission", "pk": 130, "fields": {"name": "Can change specification", "content_type": 33, "codename": "change_specification"}}, {"model": "auth.permission", "pk": 131, "fields": {"name": "Can delete specification", "content_type": 33, "codename": "delete_specification"}}, {"model": "auth.permission", "pk": 132, "fields": {"name": "Can view specification", "content_type": 33, "codename": "view_specification"}}, {"model": "auth.permission", "pk": 133, "fields": {"name": "Can add article accessory", "content_type": 34, "codename": "add_articleaccessory"}}, {"model": "auth.permission", "pk": 134, "fields": {"name": "Can change article accessory", "content_type": 34, "codename": "change_articleaccessory"}}, {"model": "auth.permission", "pk": 135, "fields": {"name": "Can delete article accessory", "content_type": 34, "codename": "delete_articleaccessory"}}, {"model": "auth.permission", "pk": 136, "fields": {"name": "Can view article accessory", "content_type": 34, "codename": "view_articleaccessory"}}, {"model": "auth.permission", "pk": 137, "fields": {"name": "Can add stock packaging variant", "content_type": 35, "codename": "add_stockpackagingvariant"}}, {"model": "auth.permission", "pk": 138, "fields": {"name": "Can change stock packaging variant", "content_type": 35, "codename": "change_stockpackagingvariant"}}, {"model": "auth.permission", "pk": 139, "fields": {"name": "Can delete stock packaging variant", "content_type": 35, "codename": "delete_stockpackagingvariant"}}, {"model": "auth.permission", "pk": 140, "fields": {"name": "Can view stock packaging variant", "content_type": 35, "codename": "view_stockpackagingvariant"}}, {"model": "auth.permission", "pk": 141, "fields": {"name": "Can add stock packaging", "content_type": 36, "codename": "add_stockpackaging"}}, {"model": "auth.permission", "pk": 142, "fields": {"name": "Can change stock packaging", "content_type": 36, "codename": "change_stockpackaging"}}, {"model": "auth.permission", "pk": 143, "fields": {"name": "Can delete stock packaging", "content_type": 36, "codename": "delete_stockpackaging"}}, {"model": "auth.permission", "pk": 144, "fields": {"name": "Can view stock packaging", "content_type": 36, "codename": "view_stockpackaging"}}, {"model": "auth.user", "pk": 1, "fields": {"password": "pbkdf2_sha256$1000000$ibPi5kkBqOHT9CbmWlna9d$JJkN0W2XQTRhSFd9oGHmY2RqGGGu3Shar8dYm+W6Ayo=", "last_login": "2025-09-24T07:25:12.770Z", "is_superuser": true, "username": "a", "first_name": "", "last_name": "", "email": "a@mail.ru", "is_staff": true, "is_active": true, "date_joined": "2025-09-24T07:25:03.066Z", "groups": [], "user_permissions": []}}, {"model": "contenttypes.contenttype", "pk": 1, "fields": {"app_label": "admin", "model": "logentry"}}, {"model": "contenttypes.contenttype", "pk": 2, "fields": {"app_label": "auth", "model": "permission"}}, {"model": "contenttypes.contenttype", "pk": 3, "fields": {"app_label": "auth", "model": "group"}}, {"model": "contenttypes.contenttype", "pk": 4, "fields": {"app_label": "auth", "model": "user"}}, {"model": "contenttypes.contenttype", "pk": 5, "fields": {"app_label": "contenttypes", "model": "contenttype"}}, {"model": "contenttypes.contenttype", "pk": 6, "fields": {"app_label": "sessions", "model": "session"}}, {"model": "contenttypes.contenttype", "pk": 7, "fields": {"app_label": "stock", "model": "stockvariant"}}, {"model": "contenttypes.contenttype", "pk": 8, "fields": {"app_label": "stock", "model": "stock"}}, {"model": "contenttypes.contenttype", "pk": 9, "fields": {"app_label": "stock", "model": "totalentry"}}, {"model": "contenttypes.contenttype", "pk": 10, "fields": {"app_label": "stock", "model": "stockentry"}}, {"model": "contenttypes.contenttype", "pk": 11, "fields": {"app_label": "stock", "model": "accessorystockentry"}}, {"model": "contenttypes.contenttype", "pk": 12, "fields": {"app_label": "stock", "model": "warehouse"}}, {"model": "contenttypes.contenttype", "pk": 13, "fields": {"app_label": "stock", "model": "stockentryvariant"}}, {"model": "contenttypes.contenttype", "pk": 14, "fields": {"app_label": "stock", "model": "accessorystock"}}, {"model": "contenttypes.contenttype", "pk": 15, "fields": {"app_label": "production", "model": "monthplaningorder"}}, {"model": "contenttypes.contenttype", "pk": 16, "fields": {"app_label": "production", "model": "productioncategorysummary"}}, {"model": "contenttypes.contenttype", "pk": 17, "fields": {"app_label": "production", "model": "daily"}}, {"model": "contenttypes.contenttype", "pk": 18, "fields": {"app_label": "production", "model": "lineorders"}}, {"model": "contenttypes.contenttype", "pk": 19, "fields": {"app_label": "production", "model": "productionnorm"}}, {"model": "contenttypes.contenttype", "pk": 20, "fields": {"app_label": "production", "model": "monthplaning"}}, {"model": "contenttypes.contenttype", "pk": 21, "fields": {"app_label": "production", "model": "linedailyoutput"}}, {"model": "contenttypes.contenttype", "pk": 22, "fields": {"app_label": "production", "model": "productionline"}}, {"model": "contenttypes.contenttype", "pk": 23, "fields": {"app_label": "production", "model": "line"}}, {"model": "contenttypes.contenttype", "pk": 24, "fields": {"app_label": "production", "model": "productionreport"}}, {"model": "contenttypes.contenttype", "pk": 25, "fields": {"app_label": "production", "model": "normcategory"}}, {"model": "contenttypes.contenttype", "pk": 26, "fields": {"app_label": "sewing", "model": "article"}}, {"model": "contenttypes.contenttype", "pk": 27, "fields": {"app_label": "sewing", "model": "brand"}}, {"model": "contenttypes.contenttype", "pk": 28, "fields": {"app_label": "sewing", "model": "packagingcategory"}}, {"model": "contenttypes.contenttype", "pk": 29, "fields": {"app_label": "sewing", "model": "ordervariant"}}, {"model": "contenttypes.contenttype", "pk": 30, "fields": {"app_label": "sewing", "model": "accessory"}}, {"model": "contenttypes.contenttype", "pk": 31, "fields": {"app_label": "sewing", "model": "order"}}, {"model": "contenttypes.contenttype", "pk": 32, "fields": {"app_label": "sewing", "model": "sewingcategory"}}, {"model": "contenttypes.contenttype", "pk": 33, "fields": {"app_label": "sewing", "model": "specification"}}, {"model": "contenttypes.contenttype", "pk": 34, "fields": {"app_label": "sewing", "model": "articleaccessory"}}, {"model": "contenttypes.contenttype", "pk": 35, "fields": {"app_label": "packaging", "model": "stockpackagingvariant"}}, {"model": "contenttypes.contenttype", "pk": 36, "fields": {"app_label": "packaging", "model": "stockpackaging"}}, {"model": "sessions.session", "pk": "u5xkrfo0t7xt04axmh8jmrff10rqu2ht", "fields": {"session_data": ".eJxVjDsOwjAQRO_iGln-fyjpcwZrvV6TAIqlOKkQdyeRUsCU897MmyXY1jFtnZY0FXZlkl1-uwz4pPkA5QHzvXFs87pMmR8KP2nnQyv0up3u38EIfdzXWSqpqnfCO7KAwhSFUZPw2hsVKVqoKEUgG2o2NViZEaMr6LTYA559vs2qN2g:1v1JsG:_fvcr-gVXWfT2OJ6uuoKY9IueQMmcZ4m-ImkKYaDUhQ", "expire_date": "2025-10-08T07:25:12.876Z"}}, {"model": "stock.warehouse", "pk": 1, "fields": {"name": "Urganch", "location": "Xorazm Viloyat Urganch Shaxar"}}, {"model": "stock.warehouse", "pk": 2, "fields": {"name": "Shovot", "location": "Xorazm viloyat shovot tumani"}}, {"model": "stock.warehouse", "pk": 3, "fields": {"name": "Katkala", "location": "Xorazm viloyat shovot tumani gulzor ko'cha 15-uy"}}, {"model": "stock.stock", "pk": 1, "fields": {"order": 1, "warehouse": 2}}, {"model": "stock.stock", "pk": 2, "fields": {"order": 2, "warehouse": 2}}, {"model": "stock.stock", "pk": 3, "fields": {"order": 1, "warehouse": 1}}, {"model": "stock.stock", "pk": 4, "fields": {"order": 2, "warehouse": 1}}, {"model": "stock.stock", "pk": 5, "fields": {"order": 3, "warehouse": 2}}, {"model": "stock.stock", "pk": 6, "fields": {"order": 4, "warehouse": 2}}, {"model": "stock.stock", "pk": 7, "fields": {"order": 14, "warehouse": 2}}, {"model": "stock.stock", "pk": 8, "fields": {"order": 5, "warehouse": 2}}, {"model": "stock.stock", "pk": 9, "fields": {"order": 6, "warehouse": 2}}, {"model": "stock.stock", "pk": 10, "fields": {"order": 9, "warehouse": 2}}, {"model": "stock.stock", "pk": 11, "fields": {"order": 8, "warehouse": 2}}, {"model": "stock.stockvariant", "pk": 1, "fields": {"stock": 1, "variant": 1, "quantity": 2270}}, {"model": "stock.stockvariant", "pk": 2, "fields": {"stock": 1, "variant": 2, "quantity": 2496}}, {"model": "stock.stockvariant", "pk": 3, "fields": {"stock": 2, "variant": 3, "quantity": 1395}}, {"model": "stock.stockvariant", "pk": 4, "fields": {"stock": 2, "variant": 4, "quantity": 1452}}, {"model": "stock.stockvariant", "pk": 5, "fields": {"stock": 3, "variant": 1, "quantity": 49998}}, {"model": "stock.stockvariant", "pk": 6, "fields": {"stock": 3, "variant": 2, "quantity": 30000}}, {"model": "stock.stockvariant", "pk": 7, "fields": {"stock": 4, "variant": 3, "quantity": 59993}}, {"model": "stock.stockvariant", "pk": 8, "fields": {"stock": 4, "variant": 4, "quantity": 12000}}, {"model": "stock.stockvariant", "pk": 9, "fields": {"stock": 5, "variant": 5, "quantity": 1781}}, {"model": "stock.stockvariant", "pk": 10, "fields": {"stock": 6, "variant": 9, "quantity": 10710}}, {"model": "stock.stockvariant", "pk": 11, "fields": {"stock": 6, "variant": 8, "quantity": 4788}}, {"model": "stock.stockvariant", "pk": 12, "fields": {"stock": 7, "variant": 37, "quantity": 3787}}, {"model": "stock.stockvariant", "pk": 13, "fields": {"stock": 8, "variant": 10, "quantity": 3644}}, {"model": "stock.stockvariant", "pk": 14, "fields": {"stock": 9, "variant": 11, "quantity": 15969}}, {"model": "stock.stockvariant", "pk": 15, "fields": {"stock": 10, "variant": 40, "quantity": 882}}, {"model": "stock.stockvariant", "pk": 16, "fields": {"stock": 10, "variant": 39, "quantity": 2782}}, {"model": "stock.stockvariant", "pk": 17, "fields": {"stock": 10, "variant": 41, "quantity": 184}}, {"model": "stock.stockvariant", "pk": 18, "fields": {"stock": 10, "variant": 38, "quantity": 2664}}, {"model": "stock.stockvariant", "pk": 19, "fields": {"stock": 11, "variant": 17, "quantity": 180}}, {"model": "stock.stockvariant", "pk": 20, "fields": {"stock": 11, "variant": 16, "quantity": 180}}, {"model": "stock.stockvariant", "pk": 21, "fields": {"stock": 11, "variant": 13, "quantity": 2441}}, {"model": "stock.totalentry", "pk": 1, "fields": {"warehouse": 2, "created_date": "2025-09-24T07:29:23.453Z", "comment": null, "confirmed": true}}, {"model": "stock.totalentry", "pk": 2, "fields": {"warehouse": 1, "created_date": "2025-09-27T07:34:32Z", "comment": null, "confirmed": true}}, {"model": "stock.totalentry", "pk": 3, "fields": {"warehouse": 2, "created_date": "2025-10-04T06:32:35.213Z", "comment": null, "confirmed": true}}, {"model": "stock.stockentry", "pk": 1, "fields": {"total_entry": 1, "order": 1, "date": "2025-09-24"}}, {"model": "stock.stockentry", "pk": 2, "fields": {"total_entry": 1, "order": 2, "date": "2025-09-24"}}, {"model": "stock.stockentry", "pk": 3, "fields": {"total_entry": 2, "order": 1, "date": "2025-09-27"}}, {"model": "stock.stockentry", "pk": 4, "fields": {"total_entry": 2, "order": 2, "date": "2025-09-27"}}, {"model": "stock.stockentry", "pk": 5, "fields": {"total_entry": 3, "order": 3, "date": "2025-10-04"}}, {"model": "stock.stockentry", "pk": 6, "fields": {"total_entry": 3, "order": 4, "date": "2025-10-04"}}, {"model": "stock.stockentry", "pk": 7, "fields": {"total_entry": 3, "order": 14, "date": "2025-10-04"}}, {"model": "stock.stockentry", "pk": 8, "fields": {"total_entry": 3, "order": 5, "date": "2025-10-04"}}, {"model": "stock.stockentry", "pk": 9, "fields": {"total_entry": 3, "order": 6, "date": "2025-10-04"}}, {"model": "stock.stockentry", "pk": 10, "fields": {"total_entry": 3, "order": 9, "date": "2025-10-04"}}, {"model": "stock.stockentry", "pk": 11, "fields": {"total_entry": 3, "order": 8, "date": "2025-10-04"}}, {"model": "stock.stockentryvariant", "pk": 1, "fields": {"stock_entry": 1, "variant": 1, "quantity": 2500}}, {"model": "stock.stockentryvariant", "pk": 2, "fields": {"stock_entry": 1, "variant": 2, "quantity": 2500}}, {"model": "stock.stockentryvariant", "pk": 3, "fields": {"stock_entry": 2, "variant": 3, "quantity": 1500}}, {"model": "stock.stockentryvariant", "pk": 4, "fields": {"stock_entry": 2, "variant": 4, "quantity": 1500}}, {"model": "stock.stockentryvariant", "pk": 5, "fields": {"stock_entry": 3, "variant": 1, "quantity": 25000}}, {"model": "stock.stockentryvariant", "pk": 6, "fields": {"stock_entry": 3, "variant": 2, "quantity": 15000}}, {"model": "stock.stockentryvariant", "pk": 7, "fields": {"stock_entry": 4, "variant": 3, "quantity": 30000}}, {"model": "stock.stockentryvariant", "pk": 8, "fields": {"stock_entry": 4, "variant": 4, "quantity": 6000}}, {"model": "stock.stockentryvariant", "pk": 9, "fields": {"stock_entry": 5, "variant": 5, "quantity": 1781}}, {"model": "stock.stockentryvariant", "pk": 10, "fields": {"stock_entry": 6, "variant": 9, "quantity": 10710}}, {"model": "stock.stockentryvariant", "pk": 11, "fields": {"stock_entry": 6, "variant": 8, "quantity": 4788}}, {"model": "stock.stockentryvariant", "pk": 12, "fields": {"stock_entry": 7, "variant": 37, "quantity": 3805}}, {"model": "stock.stockentryvariant", "pk": 13, "fields": {"stock_entry": 8, "variant": 10, "quantity": 3660}}, {"model": "stock.stockentryvariant", "pk": 14, "fields": {"stock_entry": 9, "variant": 11, "quantity": 15969}}, {"model": "stock.stockentryvariant", "pk": 15, "fields": {"stock_entry": 10, "variant": 40, "quantity": 882}}, {"model": "stock.stockentryvariant", "pk": 16, "fields": {"stock_entry": 10, "variant": 39, "quantity": 2828}}, {"model": "stock.stockentryvariant", "pk": 17, "fields": {"stock_entry": 10, "variant": 41, "quantity": 184}}, {"model": "stock.stockentryvariant", "pk": 18, "fields": {"stock_entry": 10, "variant": 38, "quantity": 2664}}, {"model": "stock.stockentryvariant", "pk": 19, "fields": {"stock_entry": 11, "variant": 17, "quantity": 180}}, {"model": "stock.stockentryvariant", "pk": 20, "fields": {"stock_entry": 11, "variant": 16, "quantity": 180}}, {"model": "stock.stockentryvariant", "pk": 21, "fields": {"stock_entry": 11, "variant": 13, "quantity": 2441}}, {"model": "stock.accessorystock", "pk": 1, "fields": {"accessory": 1, "total_quantity": 9533, "warehouse": 2}}, {"model": "stock.accessorystock", "pk": 2, "fields": {"accessory": 1, "total_quantity": 1, "warehouse": 1}}, {"model": "stock.accessorystock", "pk": 3, "fields": {"accessory": 4, "total_quantity": 59920, "warehouse": 2}}, {"model": "stock.accessorystock", "pk": 4, "fields": {"accessory": 2, "total_quantity": 334.70000000000005, "warehouse": 2}}, {"model": "stock.accessorystock", "pk": 5, "fields": {"accessory": 3, "total_quantity": 35920, "warehouse": 2}}, {"model": "stock.accessorystockentry", "pk": 1, "fields": {"total_entry": 1, "accessory": 1, "quantity": 10000, "date": "2025-09-24"}}, {"model": "stock.accessorystockentry", "pk": 2, "fields": {"total_entry": 2, "accessory": 1, "quantity": 10, "date": "2025-09-27"}}, {"model": "stock.accessorystockentry", "pk": 3, "fields": {"total_entry": 3, "accessory": 4, "quantity": 60000, "date": "2025-10-04"}}, {"model": "stock.accessorystockentry", "pk": 4, "fields": {"total_entry": 3, "accessory": 2, "quantity": 360, "date": "2025-10-04"}}, {"model": "stock.accessorystockentry", "pk": 5, "fields": {"total_entry": 3, "accessory": 3, "quantity": 36000, "date": "2025-10-04"}}, {"model": "production.productionline", "pk": 1, "fields": {"warehouse": 2, "name": "1"}}, {"model": "production.productionline", "pk": 2, "fields": {"warehouse": 2, "name": "2"}}, {"model": "production.productionline", "pk": 3, "fields": {"warehouse": 2, "name": "3"}}, {"model": "production.productionline", "pk": 4, "fields": {"warehouse": 1, "name": "1"}}, {"model": "production.productionline", "pk": 5, "fields": {"warehouse": 1, "name": "2"}}, {"model": "production.productionline", "pk": 6, "fields": {"warehouse": 1, "name": "3"}}, {"model": "production.productionline", "pk": 7, "fields": {"warehouse": 1, "name": "4"}}, {"model": "production.productionline", "pk": 8, "fields": {"warehouse": 1, "name": "5"}}, {"model": "production.productionline", "pk": 9, "fields": {"warehouse": 1, "name": "6"}}, {"model": "production.productionline", "pk": 10, "fields": {"warehouse": 1, "name": "7"}}, {"model": "production.productionreport", "pk": 2, "fields": {"warehouse": 2, "year": 2025, "month": "10", "total_sort_1": 55, "total_sort_2": 18, "total_defect": 0, "total_norm": 62900, "day": null, "comment": null}}, {"model": "production.productionreport", "pk": 3, "fields": {"warehouse": 2, "year": 2025, "month": "09", "total_sort_1": 120, "total_sort_2": 63, "total_defect": 10, "total_norm": 11700, "day": null, "comment": null}}, {"model": "production.productionreport", "pk": 4, "fields": {"warehouse": 1, "year": 2025, "month": "10", "total_sort_1": 0, "total_sort_2": 0, "total_defect": 0, "total_norm": 115000, "day": null, "comment": null}}, {"model": "production.productionnorm", "pk": 4, "fields": {"production_report": 2, "line": 1, "total_sort_1": 15, "total_sort_2": 0, "total_defect": 0}}, {"model": "production.productionnorm", "pk": 5, "fields": {"production_report": 2, "line": 2, "total_sort_1": 24, "total_sort_2": 11, "total_defect": 0}}, {"model": "production.productionnorm", "pk": 6, "fields": {"production_report": 2, "line": 3, "total_sort_1": 16, "total_sort_2": 7, "total_defect": 0}}, {"model": "production.productionnorm", "pk": 16, "fields": {"production_report": 3, "line": 1, "total_sort_1": 47, "total_sort_2": 24, "total_defect": 10}}, {"model": "production.productionnorm", "pk": 17, "fields": {"production_report": 3, "line": 2, "total_sort_1": 41, "total_sort_2": 20, "total_defect": 0}}, {"model": "production.productionnorm", "pk": 18, "fields": {"production_report": 3, "line": 3, "total_sort_1": 32, "total_sort_2": 19, "total_defect": 0}}, {"model": "production.productionnorm", "pk": 19, "fields": {"production_report": 4, "line": 4, "total_sort_1": 2, "total_sort_2": 0, "total_defect": 0}}, {"model": "production.productionnorm", "pk": 20, "fields": {"production_report": 4, "line": 5, "total_sort_1": 0, "total_sort_2": 0, "total_defect": 0}}, {"model": "production.productionnorm", "pk": 21, "fields": {"production_report": 4, "line": 6, "total_sort_1": 0, "total_sort_2": 0, "total_defect": 0}}, {"model": "production.productionnorm", "pk": 22, "fields": {"production_report": 4, "line": 7, "total_sort_1": 0, "total_sort_2": 0, "total_defect": 0}}, {"model": "production.normcategory", "pk": 1, "fields": {"production_norm": 4, "order": 1, "order_variant": 1, "total_sort_1": 7, "total_sort_2": 0, "total_defect": 0, "norm": 2500}}, {"model": "production.normcategory", "pk": 2, "fields": {"production_norm": 5, "order": 1, "order_variant": 1, "total_sort_1": 6, "total_sort_2": 11, "total_defect": 0, "norm": 5000}}, {"model": "production.normcategory", "pk": 3, "fields": {"production_norm": 5, "order": 2, "order_variant": 3, "total_sort_1": 9, "total_sort_2": 0, "total_defect": 0, "norm": 300}}, {"model": "production.normcategory", "pk": 4, "fields": {"production_norm": 6, "order": 2, "order_variant": 3, "total_sort_1": 0, "total_sort_2": 0, "total_defect": 0, "norm": 10000}}, {"model": "production.normcategory", "pk": 5, "fields": {"production_norm": 16, "order": 1, "order_variant": 1, "total_sort_1": 47, "total_sort_2": 24, "total_defect": 10, "norm": 1500}}, {"model": "production.normcategory", "pk": 6, "fields": {"production_norm": 17, "order": 1, "order_variant": 2, "total_sort_1": 14, "total_sort_2": 10, "total_defect": 0, "norm": 2500}}, {"model": "production.normcategory", "pk": 7, "fields": {"production_norm": 18, "order": 2, "order_variant": 3, "total_sort_1": 16, "total_sort_2": 11, "total_defect": 0, "norm": 5000}}, {"model": "production.normcategory", "pk": 8, "fields": {"production_norm": 17, "order": 1, "order_variant": 1, "total_sort_1": 27, "total_sort_2": 10, "total_defect": 0, "norm": 1200}}, {"model": "production.normcategory", "pk": 9, "fields": {"production_norm": 19, "order": 1, "order_variant": 1, "total_sort_1": 2, "total_sort_2": 0, "total_defect": 0, "norm": 50000}}, {"model": "production.normcategory", "pk": 10, "fields": {"production_norm": 20, "order": 2, "order_variant": 3, "total_sort_1": null, "total_sort_2": null, "total_defect": null, "norm": 5000}}, {"model": "production.normcategory", "pk": 11, "fields": {"production_norm": 21, "order": 1, "order_variant": 2, "total_sort_1": null, "total_sort_2": null, "total_defect": null, "norm": 50000}}, {"model": "production.normcategory", "pk": 12, "fields": {"production_norm": 22, "order": 2, "order_variant": 3, "total_sort_1": null, "total_sort_2": null, "total_defect": null, "norm": 5000}}, {"model": "production.normcategory", "pk": 13, "fields": {"production_norm": 19, "order": 2, "order_variant": 3, "total_sort_1": null, "total_sort_2": null, "total_defect": null, "norm": 5000}}, {"model": "production.normcategory", "pk": 14, "fields": {"production_norm": 18, "order": 2, "order_variant": 4, "total_sort_1": 16, "total_sort_2": 8, "total_defect": 0, "norm": 1500}}, {"model": "production.normcategory", "pk": 15, "fields": {"production_norm": 4, "order": 3, "order_variant": 6, "total_sort_1": null, "total_sort_2": null, "total_defect": null, "norm": 2500}}, {"model": "production.normcategory", "pk": 16, "fields": {"production_norm": 4, "order": 5, "order_variant": 10, "total_sort_1": 8, "total_sort_2": 0, "total_defect": 0, "norm": 3600}}, {"model": "production.normcategory", "pk": 17, "fields": {"production_norm": 5, "order": 14, "order_variant": 37, "total_sort_1": 9, "total_sort_2": 0, "total_defect": 0, "norm": 36000}}, {"model": "production.normcategory", "pk": 18, "fields": {"production_norm": 6, "order": 9, "order_variant": 39, "total_sort_1": 16, "total_sort_2": 7, "total_defect": 0, "norm": 3000}}, {"model": "production.daily", "pk": 31, "fields": {"production_report": 2, "date": "2025-10-01", "sort_1": 15, "sort_2": 11, "defect_quantity": 0}}, {"model": "production.daily", "pk": 32, "fields": {"production_report": 2, "date": "2025-10-02", "sort_1": 24, "sort_2": 0, "defect_quantity": 0}}, {"model": "production.daily", "pk": 33, "fields": {"production_report": 2, "date": "2025-10-03", "sort_1": 0, "sort_2": 0, "defect_quantity": 0}}, {"model": "production.daily", "pk": 34, "fields": {"production_report": 2, "date": "2025-10-04", "sort_1": 0, "sort_2": 0, "defect_quantity": 0}}, {"model": "production.daily", "pk": 35, "fields": {"production_report": 2, "date": "2025-10-05", "sort_1": 0, "sort_2": 0, "defect_quantity": 0}}, {"model": "production.daily", "pk": 36, "fields": {"production_report": 2, "date": "2025-10-06", "sort_1": 16, "sort_2": 7, "defect_quantity": 0}}, {"model": "production.daily", "pk": 37, "fields": {"production_report": 2, "date": "2025-10-07", "sort_1": 0, "sort_2": 0, "defect_quantity": 0}}, {"model": "production.daily", "pk": 38, "fields": {"production_report": 2, "date": "2025-10-08", "sort_1": 0, "sort_2": 0, "defect_quantity": 0}}, {"model": "production.daily", "pk": 39, "fields": {"production_report": 2, "date": "2025-10-09", "sort_1": 0, "sort_2": 0, "defect_quantity": 0}}, {"model": "production.daily", "pk": 40, "fields": {"production_report": 2, "date": "2025-10-10", "sort_1": 0, "sort_2": 0, "defect_quantity": 0}}, {"model": "production.daily", "pk": 41, "fields": {"production_report": 2, "date": "2025-10-11", "sort_1": 0, "sort_2": 0, "defect_quantity": 0}}, {"model": "production.daily", "pk": 42, "fields": {"production_report": 2, "date": "2025-10-12", "sort_1": 0, "sort_2": 0, "defect_quantity": 0}}, {"model": "production.daily", "pk": 43, "fields": {"production_report": 2, "date": "2025-10-13", "sort_1": 0, "sort_2": 0, "defect_quantity": 0}}, {"model": "production.daily", "pk": 44, "fields": {"production_report": 2, "date": "2025-10-14", "sort_1": 0, "sort_2": 0, "defect_quantity": 0}}, {"model": "production.daily", "pk": 45, "fields": {"production_report": 2, "date": "2025-10-15", "sort_1": 0, "sort_2": 0, "defect_quantity": 0}}, {"model": "production.daily", "pk": 46, "fields": {"production_report": 2, "date": "2025-10-16", "sort_1": 0, "sort_2": 0, "defect_quantity": 0}}, {"model": "production.daily", "pk": 47, "fields": {"production_report": 2, "date": "2025-10-17", "sort_1": 0, "sort_2": 0, "defect_quantity": 0}}, {"model": "production.daily", "pk": 48, "fields": {"production_report": 2, "date": "2025-10-18", "sort_1": 0, "sort_2": 0, "defect_quantity": 0}}, {"model": "production.daily", "pk": 49, "fields": {"production_report": 2, "date": "2025-10-19", "sort_1": 0, "sort_2": 0, "defect_quantity": 0}}, {"model": "production.daily", "pk": 50, "fields": {"production_report": 2, "date": "2025-10-20", "sort_1": 0, "sort_2": 0, "defect_quantity": 0}}, {"model": "production.daily", "pk": 51, "fields": {"production_report": 2, "date": "2025-10-21", "sort_1": 0, "sort_2": 0, "defect_quantity": 0}}, {"model": "production.daily", "pk": 52, "fields": {"production_report": 2, "date": "2025-10-22", "sort_1": 0, "sort_2": 0, "defect_quantity": 0}}, {"model": "production.daily", "pk": 53, "fields": {"production_report": 2, "date": "2025-10-23", "sort_1": 0, "sort_2": 0, "defect_quantity": 0}}, {"model": "production.daily", "pk": 54, "fields": {"production_report": 2, "date": "2025-10-24", "sort_1": 0, "sort_2": 0, "defect_quantity": 0}}, {"model": "production.daily", "pk": 55, "fields": {"production_report": 2, "date": "2025-10-25", "sort_1": 0, "sort_2": 0, "defect_quantity": 0}}, {"model": "production.daily", "pk": 56, "fields": {"production_report": 2, "date": "2025-10-26", "sort_1": 0, "sort_2": 0, "defect_quantity": 0}}, {"model": "production.daily", "pk": 57, "fields": {"production_report": 2, "date": "2025-10-27", "sort_1": 0, "sort_2": 0, "defect_quantity": 0}}, {"model": "production.daily", "pk": 58, "fields": {"production_report": 2, "date": "2025-10-28", "sort_1": 0, "sort_2": 0, "defect_quantity": 0}}, {"model": "production.daily", "pk": 59, "fields": {"production_report": 2, "date": "2025-10-29", "sort_1": 0, "sort_2": 0, "defect_quantity": 0}}, {"model": "production.daily", "pk": 60, "fields": {"production_report": 2, "date": "2025-10-30", "sort_1": 0, "sort_2": 0, "defect_quantity": 0}}, {"model": "production.daily", "pk": 61, "fields": {"production_report": 2, "date": "2025-10-31", "sort_1": 0, "sort_2": 0, "defect_quantity": 0}}, {"model": "production.daily", "pk": 62, "fields": {"production_report": 3, "date": "2025-09-01", "sort_1": 27, "sort_2": 0, "defect_quantity": 0}}, {"model": "production.daily", "pk": 63, "fields": {"production_report": 3, "date": "2025-09-02", "sort_1": 15, "sort_2": 2, "defect_quantity": 1}}, {"model": "production.daily", "pk": 64, "fields": {"production_report": 3, "date": "2025-09-03", "sort_1": 25, "sort_2": 1, "defect_quantity": 1}}, {"model": "production.daily", "pk": 65, "fields": {"production_report": 3, "date": "2025-09-04", "sort_1": 30, "sort_2": 1, "defect_quantity": 2}}, {"model": "production.daily", "pk": 66, "fields": {"production_report": 3, "date": "2025-09-05", "sort_1": 10, "sort_2": 10, "defect_quantity": 10}}, {"model": "production.daily", "pk": 67, "fields": {"production_report": 3, "date": "2025-09-06", "sort_1": 30, "sort_2": 24, "defect_quantity": 0}}, {"model": "production.daily", "pk": 68, "fields": {"production_report": 3, "date": "2025-09-07", "sort_1": 29, "sort_2": 21, "defect_quantity": 0}}, {"model": "production.daily", "pk": 69, "fields": {"production_report": 3, "date": "2025-09-08", "sort_1": 16, "sort_2": 8, "defect_quantity": 0}}, {"model": "production.daily", "pk": 70, "fields": {"production_report": 3, "date": "2025-09-09", "sort_1": 8, "sort_2": 0, "defect_quantity": 0}}, {"model": "production.daily", "pk": 71, "fields": {"production_report": 3, "date": "2025-09-10", "sort_1": null, "sort_2": null, "defect_quantity": null}}, {"model": "production.daily", "pk": 72, "fields": {"production_report": 3, "date": "2025-09-11", "sort_1": null, "sort_2": null, "defect_quantity": null}}, {"model": "production.daily", "pk": 73, "fields": {"production_report": 3, "date": "2025-09-12", "sort_1": null, "sort_2": null, "defect_quantity": null}}, {"model": "production.daily", "pk": 74, "fields": {"production_report": 3, "date": "2025-09-13", "sort_1": null, "sort_2": null, "defect_quantity": null}}, {"model": "production.daily", "pk": 75, "fields": {"production_report": 3, "date": "2025-09-14", "sort_1": null, "sort_2": null, "defect_quantity": null}}, {"model": "production.daily", "pk": 76, "fields": {"production_report": 3, "date": "2025-09-15", "sort_1": null, "sort_2": null, "defect_quantity": null}}, {"model": "production.daily", "pk": 77, "fields": {"production_report": 3, "date": "2025-09-16", "sort_1": null, "sort_2": null, "defect_quantity": null}}, {"model": "production.daily", "pk": 78, "fields": {"production_report": 3, "date": "2025-09-17", "sort_1": null, "sort_2": null, "defect_quantity": null}}, {"model": "production.daily", "pk": 79, "fields": {"production_report": 3, "date": "2025-09-18", "sort_1": null, "sort_2": null, "defect_quantity": null}}, {"model": "production.daily", "pk": 80, "fields": {"production_report": 3, "date": "2025-09-19", "sort_1": 77, "sort_2": 30, "defect_quantity": 10}}, {"model": "production.daily", "pk": 81, "fields": {"production_report": 3, "date": "2025-09-20", "sort_1": null, "sort_2": null, "defect_quantity": null}}, {"model": "production.daily", "pk": 82, "fields": {"production_report": 3, "date": "2025-09-21", "sort_1": null, "sort_2": null, "defect_quantity": null}}, {"model": "production.daily", "pk": 83, "fields": {"production_report": 3, "date": "2025-09-22", "sort_1": null, "sort_2": null, "defect_quantity": null}}, {"model": "production.daily", "pk": 84, "fields": {"production_report": 3, "date": "2025-09-23", "sort_1": null, "sort_2": null, "defect_quantity": null}}, {"model": "production.daily", "pk": 85, "fields": {"production_report": 3, "date": "2025-09-24", "sort_1": null, "sort_2": null, "defect_quantity": null}}, {"model": "production.daily", "pk": 86, "fields": {"production_report": 3, "date": "2025-09-25", "sort_1": null, "sort_2": null, "defect_quantity": null}}, {"model": "production.daily", "pk": 87, "fields": {"production_report": 3, "date": "2025-09-26", "sort_1": null, "sort_2": null, "defect_quantity": null}}, {"model": "production.daily", "pk": 88, "fields": {"production_report": 3, "date": "2025-09-27", "sort_1": null, "sort_2": null, "defect_quantity": null}}, {"model": "production.daily", "pk": 89, "fields": {"production_report": 3, "date": "2025-09-28", "sort_1": null, "sort_2": null, "defect_quantity": null}}, {"model": "production.daily", "pk": 90, "fields": {"production_report": 3, "date": "2025-09-29", "sort_1": null, "sort_2": null, "defect_quantity": null}}, {"model": "production.daily", "pk": 91, "fields": {"production_report": 3, "date": "2025-09-30", "sort_1": null, "sort_2": null, "defect_quantity": null}}, {"model": "production.daily", "pk": 92, "fields": {"production_report": 4, "date": "2025-10-01", "sort_1": 2, "sort_2": 0, "defect_quantity": 0}}, {"model": "production.daily", "pk": 93, "fields": {"production_report": 4, "date": "2025-10-02", "sort_1": null, "sort_2": null, "defect_quantity": null}}, {"model": "production.daily", "pk": 94, "fields": {"production_report": 4, "date": "2025-10-03", "sort_1": null, "sort_2": null, "defect_quantity": null}}, {"model": "production.daily", "pk": 95, "fields": {"production_report": 4, "date": "2025-10-04", "sort_1": null, "sort_2": null, "defect_quantity": null}}, {"model": "production.daily", "pk": 96, "fields": {"production_report": 4, "date": "2025-10-05", "sort_1": null, "sort_2": null, "defect_quantity": null}}, {"model": "production.daily", "pk": 97, "fields": {"production_report": 4, "date": "2025-10-06", "sort_1": null, "sort_2": null, "defect_quantity": null}}, {"model": "production.daily", "pk": 98, "fields": {"production_report": 4, "date": "2025-10-07", "sort_1": null, "sort_2": null, "defect_quantity": null}}, {"model": "production.daily", "pk": 99, "fields": {"production_report": 4, "date": "2025-10-08", "sort_1": null, "sort_2": null, "defect_quantity": null}}, {"model": "production.daily", "pk": 100, "fields": {"production_report": 4, "date": "2025-10-09", "sort_1": null, "sort_2": null, "defect_quantity": null}}, {"model": "production.daily", "pk": 101, "fields": {"production_report": 4, "date": "2025-10-10", "sort_1": null, "sort_2": null, "defect_quantity": null}}, {"model": "production.daily", "pk": 102, "fields": {"production_report": 4, "date": "2025-10-11", "sort_1": null, "sort_2": null, "defect_quantity": null}}, {"model": "production.daily", "pk": 103, "fields": {"production_report": 4, "date": "2025-10-12", "sort_1": null, "sort_2": null, "defect_quantity": null}}, {"model": "production.daily", "pk": 104, "fields": {"production_report": 4, "date": "2025-10-13", "sort_1": null, "sort_2": null, "defect_quantity": null}}, {"model": "production.daily", "pk": 105, "fields": {"production_report": 4, "date": "2025-10-14", "sort_1": null, "sort_2": null, "defect_quantity": null}}, {"model": "production.daily", "pk": 106, "fields": {"production_report": 4, "date": "2025-10-15", "sort_1": null, "sort_2": null, "defect_quantity": null}}, {"model": "production.daily", "pk": 107, "fields": {"production_report": 4, "date": "2025-10-16", "sort_1": null, "sort_2": null, "defect_quantity": null}}, {"model": "production.daily", "pk": 108, "fields": {"production_report": 4, "date": "2025-10-17", "sort_1": null, "sort_2": null, "defect_quantity": null}}, {"model": "production.daily", "pk": 109, "fields": {"production_report": 4, "date": "2025-10-18", "sort_1": null, "sort_2": null, "defect_quantity": null}}, {"model": "production.daily", "pk": 110, "fields": {"production_report": 4, "date": "2025-10-19", "sort_1": null, "sort_2": null, "defect_quantity": null}}, {"model": "production.daily", "pk": 111, "fields": {"production_report": 4, "date": "2025-10-20", "sort_1": null, "sort_2": null, "defect_quantity": null}}, {"model": "production.daily", "pk": 112, "fields": {"production_report": 4, "date": "2025-10-21", "sort_1": null, "sort_2": null, "defect_quantity": null}}, {"model": "production.daily", "pk": 113, "fields": {"production_report": 4, "date": "2025-10-22", "sort_1": null, "sort_2": null, "defect_quantity": null}}, {"model": "production.daily", "pk": 114, "fields": {"production_report": 4, "date": "2025-10-23", "sort_1": null, "sort_2": null, "defect_quantity": null}}, {"model": "production.daily", "pk": 115, "fields": {"production_report": 4, "date": "2025-10-24", "sort_1": null, "sort_2": null, "defect_quantity": null}}, {"model": "production.daily", "pk": 116, "fields": {"production_report": 4, "date": "2025-10-25", "sort_1": null, "sort_2": null, "defect_quantity": null}}, {"model": "production.daily", "pk": 117, "fields": {"production_report": 4, "date": "2025-10-26", "sort_1": null, "sort_2": null, "defect_quantity": null}}, {"model": "production.daily", "pk": 118, "fields": {"production_report": 4, "date": "2025-10-27", "sort_1": null, "sort_2": null, "defect_quantity": null}}, {"model": "production.daily", "pk": 119, "fields": {"production_report": 4, "date": "2025-10-28", "sort_1": null, "sort_2": null, "defect_quantity": null}}, {"model": "production.daily", "pk": 120, "fields": {"production_report": 4, "date": "2025-10-29", "sort_1": null, "sort_2": null, "defect_quantity": null}}, {"model": "production.daily", "pk": 121, "fields": {"production_report": 4, "date": "2025-10-30", "sort_1": null, "sort_2": null, "defect_quantity": null}}, {"model": "production.daily", "pk": 122, "fields": {"production_report": 4, "date": "2025-10-31", "sort_1": null, "sort_2": null, "defect_quantity": null}}, {"model": "production.line", "pk": 1, "fields": {"line_daily": 31, "production_norm": 4, "sort_1": 0, "sort_2": 0, "defect_quantity": 0}}, {"model": "production.line", "pk": 2, "fields": {"line_daily": 32, "production_norm": 4, "sort_1": 15, "sort_2": 0, "defect_quantity": 0}}, {"model": "production.line", "pk": 3, "fields": {"line_daily": 33, "production_norm": 4, "sort_1": 0, "sort_2": 0, "defect_quantity": 0}}, {"model": "production.line", "pk": 4, "fields": {"line_daily": 34, "production_norm": 4, "sort_1": 0, "sort_2": 0, "defect_quantity": 0}}, {"model": "production.line", "pk": 5, "fields": {"line_daily": 35, "production_norm": 4, "sort_1": 0, "sort_2": 0, "defect_quantity": 0}}, {"model": "production.line", "pk": 6, "fields": {"line_daily": 36, "production_norm": 4, "sort_1": 0, "sort_2": 0, "defect_quantity": 0}}, {"model": "production.line", "pk": 7, "fields": {"line_daily": 37, "production_norm": 4, "sort_1": 0, "sort_2": 0, "defect_quantity": 0}}, {"model": "production.line", "pk": 8, "fields": {"line_daily": 38, "production_norm": 4, "sort_1": 0, "sort_2": 0, "defect_quantity": 0}}, {"model": "production.line", "pk": 9, "fields": {"line_daily": 39, "production_norm": 4, "sort_1": 0, "sort_2": 0, "defect_quantity": 0}}, {"model": "production.line", "pk": 10, "fields": {"line_daily": 40, "production_norm": 4, "sort_1": 0, "sort_2": 0, "defect_quantity": 0}}, {"model": "production.line", "pk": 11, "fields": {"line_daily": 41, "production_norm": 4, "sort_1": 0, "sort_2": 0, "defect_quantity": 0}}, {"model": "production.line", "pk": 12, "fields": {"line_daily": 42, "production_norm": 4, "sort_1": 0, "sort_2": 0, "defect_quantity": 0}}, {"model": "production.line", "pk": 13, "fields": {"line_daily": 43, "production_norm": 4, "sort_1": 0, "sort_2": 0, "defect_quantity": 0}}, {"model": "production.line", "pk": 14, "fields": {"line_daily": 44, "production_norm": 4, "sort_1": 0, "sort_2": 0, "defect_quantity": 0}}, {"model": "production.line", "pk": 15, "fields": {"line_daily": 45, "production_norm": 4, "sort_1": 0, "sort_2": 0, "defect_quantity": 0}}, {"model": "production.line", "pk": 16, "fields": {"line_daily": 46, "production_norm": 4, "sort_1": 0, "sort_2": 0, "defect_quantity": 0}}, {"model": "production.line", "pk": 17, "fields": {"line_daily": 47, "production_norm": 4, "sort_1": 0, "sort_2": 0, "defect_quantity": 0}}, {"model": "production.line", "pk": 18, "fields": {"line_daily": 48, "production_norm": 4, "sort_1": 0, "sort_2": 0, "defect_quantity": 0}}, {"model": "production.line", "pk": 19, "fields": {"line_daily": 49, "production_norm": 4, "sort_1": 0, "sort_2": 0, "defect_quantity": 0}}, {"model": "production.line", "pk": 20, "fields": {"line_daily": 50, "production_norm": 4, "sort_1": 0, "sort_2": 0, "defect_quantity": 0}}, {"model": "production.line", "pk": 21, "fields": {"line_daily": 51, "production_norm": 4, "sort_1": 0, "sort_2": 0, "defect_quantity": 0}}, {"model": "production.line", "pk": 22, "fields": {"line_daily": 52, "production_norm": 4, "sort_1": 0, "sort_2": 0, "defect_quantity": 0}}, {"model": "production.line", "pk": 23, "fields": {"line_daily": 53, "production_norm": 4, "sort_1": 0, "sort_2": 0, "defect_quantity": 0}}, {"model": "production.line", "pk": 24, "fields": {"line_daily": 54, "production_norm": 4, "sort_1": 0, "sort_2": 0, "defect_quantity": 0}}, {"model": "production.line", "pk": 25, "fields": {"line_daily": 55, "production_norm": 4, "sort_1": 0, "sort_2": 0, "defect_quantity": 0}}, {"model": "production.line", "pk": 26, "fields": {"line_daily": 56, "production_norm": 4, "sort_1": 0, "sort_2": 0, "defect_quantity": 0}}, {"model": "production.line", "pk": 27, "fields": {"line_daily": 57, "production_norm": 4, "sort_1": 0, "sort_2": 0, "defect_quantity": 0}}, {"model": "production.line", "pk": 28, "fields": {"line_daily": 58, "production_norm": 4, "sort_1": 0, "sort_2": 0, "defect_quantity": 0}}, {"model": "production.line", "pk": 29, "fields": {"line_daily": 59, "production_norm": 4, "sort_1": 0, "sort_2": 0, "defect_quantity": 0}}, {"model": "production.line", "pk": 30, "fields": {"line_daily": 60, "production_norm": 4, "sort_1": 0, "sort_2": 0, "defect_quantity": 0}}, {"model": "production.line", "pk": 31, "fields": {"line_daily": 61, "production_norm": 4, "sort_1": 0, "sort_2": 0, "defect_quantity": 0}}, {"model": "production.line", "pk": 32, "fields": {"line_daily": 31, "production_norm": 5, "sort_1": 15, "sort_2": 11, "defect_quantity": 0}}, {"model": "production.line", "pk": 33, "fields": {"line_daily": 32, "production_norm": 5, "sort_1": 9, "sort_2": 0, "defect_quantity": 0}}, {"model": "production.line", "pk": 34, "fields": {"line_daily": 33, "production_norm": 5, "sort_1": 0, "sort_2": 0, "defect_quantity": 0}}, {"model": "production.line", "pk": 35, "fields": {"line_daily": 34, "production_norm": 5, "sort_1": 0, "sort_2": 0, "defect_quantity": 0}}, {"model": "production.line", "pk": 36, "fields": {"line_daily": 35, "production_norm": 5, "sort_1": 0, "sort_2": 0, "defect_quantity": 0}}, {"model": "production.line", "pk": 37, "fields": {"line_daily": 36, "production_norm": 5, "sort_1": 0, "sort_2": 0, "defect_quantity": 0}}, {"model": "production.line", "pk": 38, "fields": {"line_daily": 37, "production_norm": 5, "sort_1": 0, "sort_2": 0, "defect_quantity": 0}}, {"model": "production.line", "pk": 39, "fields": {"line_daily": 38, "production_norm": 5, "sort_1": 0, "sort_2": 0, "defect_quantity": 0}}, {"model": "production.line", "pk": 40, "fields": {"line_daily": 39, "production_norm": 5, "sort_1": 0, "sort_2": 0, "defect_quantity": 0}}, {"model": "production.line", "pk": 41, "fields": {"line_daily": 40, "production_norm": 5, "sort_1": 0, "sort_2": 0, "defect_quantity": 0}}, {"model": "production.line", "pk": 42, "fields": {"line_daily": 41, "production_norm": 5, "sort_1": 0, "sort_2": 0, "defect_quantity": 0}}, {"model": "production.line", "pk": 43, "fields": {"line_daily": 42, "production_norm": 5, "sort_1": 0, "sort_2": 0, "defect_quantity": 0}}, {"model": "production.line", "pk": 44, "fields": {"line_daily": 43, "production_norm": 5, "sort_1": 0, "sort_2": 0, "defect_quantity": 0}}, {"model": "production.line", "pk": 45, "fields": {"line_daily": 44, "production_norm": 5, "sort_1": 0, "sort_2": 0, "defect_quantity": 0}}, {"model": "production.line", "pk": 46, "fields": {"line_daily": 45, "production_norm": 5, "sort_1": 0, "sort_2": 0, "defect_quantity": 0}}, {"model": "production.line", "pk": 47, "fields": {"line_daily": 46, "production_norm": 5, "sort_1": 0, "sort_2": 0, "defect_quantity": 0}}, {"model": "production.line", "pk": 48, "fields": {"line_daily": 47, "production_norm": 5, "sort_1": 0, "sort_2": 0, "defect_quantity": 0}}, {"model": "production.line", "pk": 49, "fields": {"line_daily": 48, "production_norm": 5, "sort_1": 0, "sort_2": 0, "defect_quantity": 0}}, {"model": "production.line", "pk": 50, "fields": {"line_daily": 49, "production_norm": 5, "sort_1": 0, "sort_2": 0, "defect_quantity": 0}}, {"model": "production.line", "pk": 51, "fields": {"line_daily": 50, "production_norm": 5, "sort_1": 0, "sort_2": 0, "defect_quantity": 0}}, {"model": "production.line", "pk": 52, "fields": {"line_daily": 51, "production_norm": 5, "sort_1": 0, "sort_2": 0, "defect_quantity": 0}}, {"model": "production.line", "pk": 53, "fields": {"line_daily": 52, "production_norm": 5, "sort_1": 0, "sort_2": 0, "defect_quantity": 0}}, {"model": "production.line", "pk": 54, "fields": {"line_daily": 53, "production_norm": 5, "sort_1": 0, "sort_2": 0, "defect_quantity": 0}}, {"model": "production.line", "pk": 55, "fields": {"line_daily": 54, "production_norm": 5, "sort_1": 0, "sort_2": 0, "defect_quantity": 0}}, {"model": "production.line", "pk": 56, "fields": {"line_daily": 55, "production_norm": 5, "sort_1": 0, "sort_2": 0, "defect_quantity": 0}}, {"model": "production.line", "pk": 57, "fields": {"line_daily": 56, "production_norm": 5, "sort_1": 0, "sort_2": 0, "defect_quantity": 0}}, {"model": "production.line", "pk": 58, "fields": {"line_daily": 57, "production_norm": 5, "sort_1": 0, "sort_2": 0, "defect_quantity": 0}}, {"model": "production.line", "pk": 59, "fields": {"line_daily": 58, "production_norm": 5, "sort_1": 0, "sort_2": 0, "defect_quantity": 0}}, {"model": "production.line", "pk": 60, "fields": {"line_daily": 59, "production_norm": 5, "sort_1": 0, "sort_2": 0, "defect_quantity": 0}}, {"model": "production.line", "pk": 61, "fields": {"line_daily": 60, "production_norm": 5, "sort_1": 0, "sort_2": 0, "defect_quantity": 0}}, {"model": "production.line", "pk": 62, "fields": {"line_daily": 61, "production_norm": 5, "sort_1": 0, "sort_2": 0, "defect_quantity": 0}}, {"model": "production.line", "pk": 63, "fields": {"line_daily": 31, "production_norm": 6, "sort_1": 0, "sort_2": 0, "defect_quantity": 0}}, {"model": "production.line", "pk": 64, "fields": {"line_daily": 32, "production_norm": 6, "sort_1": 0, "sort_2": 0, "defect_quantity": 0}}, {"model": "production.line", "pk": 65, "fields": {"line_daily": 33, "production_norm": 6, "sort_1": 0, "sort_2": 0, "defect_quantity": 0}}, {"model": "production.line", "pk": 66, "fields": {"line_daily": 34, "production_norm": 6, "sort_1": 0, "sort_2": 0, "defect_quantity": 0}}, {"model": "production.line", "pk": 67, "fields": {"line_daily": 35, "production_norm": 6, "sort_1": 0, "sort_2": 0, "defect_quantity": 0}}, {"model": "production.line", "pk": 68, "fields": {"line_daily": 36, "production_norm": 6, "sort_1": 16, "sort_2": 7, "defect_quantity": 0}}, {"model": "production.line", "pk": 69, "fields": {"line_daily": 37, "production_norm": 6, "sort_1": 0, "sort_2": 0, "defect_quantity": 0}}, {"model": "production.line", "pk": 70, "fields": {"line_daily": 38, "production_norm": 6, "sort_1": 0, "sort_2": 0, "defect_quantity": 0}}, {"model": "production.line", "pk": 71, "fields": {"line_daily": 39, "production_norm": 6, "sort_1": 0, "sort_2": 0, "defect_quantity": 0}}, {"model": "production.line", "pk": 72, "fields": {"line_daily": 40, "production_norm": 6, "sort_1": 0, "sort_2": 0, "defect_quantity": 0}}, {"model": "production.line", "pk": 73, "fields": {"line_daily": 41, "production_norm": 6, "sort_1": 0, "sort_2": 0, "defect_quantity": 0}}, {"model": "production.line", "pk": 74, "fields": {"line_daily": 42, "production_norm": 6, "sort_1": 0, "sort_2": 0, "defect_quantity": 0}}, {"model": "production.line", "pk": 75, "fields": {"line_daily": 43, "production_norm": 6, "sort_1": 0, "sort_2": 0, "defect_quantity": 0}}, {"model": "production.line", "pk": 76, "fields": {"line_daily": 44, "production_norm": 6, "sort_1": 0, "sort_2": 0, "defect_quantity": 0}}, {"model": "production.line", "pk": 77, "fields": {"line_daily": 45, "production_norm": 6, "sort_1": 0, "sort_2": 0, "defect_quantity": 0}}, {"model": "production.line", "pk": 78, "fields": {"line_daily": 46, "production_norm": 6, "sort_1": 0, "sort_2": 0, "defect_quantity": 0}}, {"model": "production.line", "pk": 79, "fields": {"line_daily": 47, "production_norm": 6, "sort_1": 0, "sort_2": 0, "defect_quantity": 0}}, {"model": "production.line", "pk": 80, "fields": {"line_daily": 48, "production_norm": 6, "sort_1": 0, "sort_2": 0, "defect_quantity": 0}}, {"model": "production.line", "pk": 81, "fields": {"line_daily": 49, "production_norm": 6, "sort_1": 0, "sort_2": 0, "defect_quantity": 0}}, {"model": "production.line", "pk": 82, "fields": {"line_daily": 50, "production_norm": 6, "sort_1": 0, "sort_2": 0, "defect_quantity": 0}}, {"model": "production.line", "pk": 83, "fields": {"line_daily": 51, "production_norm": 6, "sort_1": 0, "sort_2": 0, "defect_quantity": 0}}, {"model": "production.line", "pk": 84, "fields": {"line_daily": 52, "production_norm": 6, "sort_1": 0, "sort_2": 0, "defect_quantity": 0}}, {"model": "production.line", "pk": 85, "fields": {"line_daily": 53, "production_norm": 6, "sort_1": 0, "sort_2": 0, "defect_quantity": 0}}, {"model": "production.line", "pk": 86, "fields": {"line_daily": 54, "production_norm": 6, "sort_1": 0, "sort_2": 0, "defect_quantity": 0}}, {"model": "production.line", "pk": 87, "fields": {"line_daily": 55, "production_norm": 6, "sort_1": 0, "sort_2": 0, "defect_quantity": 0}}, {"model": "production.line", "pk": 88, "fields": {"line_daily": 56, "production_norm": 6, "sort_1": 0, "sort_2": 0, "defect_quantity": 0}}, {"model": "production.line", "pk": 89, "fields": {"line_daily": 57, "production_norm": 6, "sort_1": 0, "sort_2": 0, "defect_quantity": 0}}, {"model": "production.line", "pk": 90, "fields": {"line_daily": 58, "production_norm": 6, "sort_1": 0, "sort_2": 0, "defect_quantity": 0}}, {"model": "production.line", "pk": 91, "fields": {"line_daily": 59, "production_norm": 6, "sort_1": 0, "sort_2": 0, "defect_quantity": 0}}, {"model": "production.line", "pk": 92, "fields": {"line_daily": 60, "production_norm": 6, "sort_1": 0, "sort_2": 0, "defect_quantity": 0}}, {"model": "production.line", "pk": 93, "fields": {"line_daily": 61, "production_norm": 6, "sort_1": 0, "sort_2": 0, "defect_quantity": 0}}, {"model": "production.line", "pk": 94, "fields": {"line_daily": 62, "production_norm": 16, "sort_1": 9, "sort_2": 0, "defect_quantity": 0}}, {"model": "production.line", "pk": 95, "fields": {"line_daily": 63, "production_norm": 16, "sort_1": null, "sort_2": null, "defect_quantity": null}}, {"model": "production.line", "pk": 96, "fields": {"line_daily": 64, "production_norm": 16, "sort_1": 25, "sort_2": 1, "defect_quantity": 1}}, {"model": "production.line", "pk": 97, "fields": {"line_daily": 65, "production_norm": 16, "sort_1": null, "sort_2": null, "defect_quantity": null}}, {"model": "production.line", "pk": 98, "fields": {"line_daily": 66, "production_norm": 16, "sort_1": 10, "sort_2": 10, "defect_quantity": 10}}, {"model": "production.line", "pk": 99, "fields": {"line_daily": 67, "production_norm": 16, "sort_1": 10, "sort_2": 4, "defect_quantity": 0}}, {"model": "production.line", "pk": 100, "fields": {"line_daily": 68, "production_norm": 16, "sort_1": 10, "sort_2": 10, "defect_quantity": 0}}, {"model": "production.line", "pk": 101, "fields": {"line_daily": 69, "production_norm": 16, "sort_1": null, "sort_2": null, "defect_quantity": null}}, {"model": "production.line", "pk": 102, "fields": {"line_daily": 70, "production_norm": 16, "sort_1": 8, "sort_2": 0, "defect_quantity": 0}}, {"model": "production.line", "pk": 103, "fields": {"line_daily": 71, "production_norm": 16, "sort_1": null, "sort_2": null, "defect_quantity": null}}, {"model": "production.line", "pk": 104, "fields": {"line_daily": 72, "production_norm": 16, "sort_1": null, "sort_2": null, "defect_quantity": null}}, {"model": "production.line", "pk": 105, "fields": {"line_daily": 73, "production_norm": 16, "sort_1": null, "sort_2": null, "defect_quantity": null}}, {"model": "production.line", "pk": 106, "fields": {"line_daily": 74, "production_norm": 16, "sort_1": null, "sort_2": null, "defect_quantity": null}}, {"model": "production.line", "pk": 107, "fields": {"line_daily": 75, "production_norm": 16, "sort_1": null, "sort_2": null, "defect_quantity": null}}, {"model": "production.line", "pk": 108, "fields": {"line_daily": 76, "production_norm": 16, "sort_1": null, "sort_2": null, "defect_quantity": null}}, {"model": "production.line", "pk": 109, "fields": {"line_daily": 77, "production_norm": 16, "sort_1": null, "sort_2": null, "defect_quantity": null}}, {"model": "production.line", "pk": 110, "fields": {"line_daily": 78, "production_norm": 16, "sort_1": null, "sort_2": null, "defect_quantity": null}}, {"model": "production.line", "pk": 111, "fields": {"line_daily": 79, "production_norm": 16, "sort_1": null, "sort_2": null, "defect_quantity": null}}, {"model": "production.line", "pk": 112, "fields": {"line_daily": 80, "production_norm": 16, "sort_1": 77, "sort_2": 30, "defect_quantity": 10}}, {"model": "production.line", "pk": 113, "fields": {"line_daily": 81, "production_norm": 16, "sort_1": null, "sort_2": null, "defect_quantity": null}}, {"model": "production.line", "pk": 114, "fields": {"line_daily": 82, "production_norm": 16, "sort_1": null, "sort_2": null, "defect_quantity": null}}, {"model": "production.line", "pk": 115, "fields": {"line_daily": 83, "production_norm": 16, "sort_1": null, "sort_2": null, "defect_quantity": null}}, {"model": "production.line", "pk": 116, "fields": {"line_daily": 84, "production_norm": 16, "sort_1": null, "sort_2": null, "defect_quantity": null}}, {"model": "production.line", "pk": 117, "fields": {"line_daily": 85, "production_norm": 16, "sort_1": null, "sort_2": null, "defect_quantity": null}}, {"model": "production.line", "pk": 118, "fields": {"line_daily": 86, "production_norm": 16, "sort_1": null, "sort_2": null, "defect_quantity": null}}, {"model": "production.line", "pk": 119, "fields": {"line_daily": 87, "production_norm": 16, "sort_1": null, "sort_2": null, "defect_quantity": null}}, {"model": "production.line", "pk": 120, "fields": {"line_daily": 88, "production_norm": 16, "sort_1": null, "sort_2": null, "defect_quantity": null}}, {"model": "production.line", "pk": 121, "fields": {"line_daily": 89, "production_norm": 16, "sort_1": null, "sort_2": null, "defect_quantity": null}}, {"model": "production.line", "pk": 122, "fields": {"line_daily": 90, "production_norm": 16, "sort_1": null, "sort_2": null, "defect_quantity": null}}, {"model": "production.line", "pk": 123, "fields": {"line_daily": 91, "production_norm": 16, "sort_1": null, "sort_2": null, "defect_quantity": null}}, {"model": "production.line", "pk": 124, "fields": {"line_daily": 62, "production_norm": 17, "sort_1": 11, "sort_2": 0, "defect_quantity": 0}}, {"model": "production.line", "pk": 125, "fields": {"line_daily": 63, "production_norm": 17, "sort_1": 15, "sort_2": 2, "defect_quantity": 1}}, {"model": "production.line", "pk": 126, "fields": {"line_daily": 64, "production_norm": 17, "sort_1": null, "sort_2": null, "defect_quantity": null}}, {"model": "production.line", "pk": 127, "fields": {"line_daily": 65, "production_norm": 17, "sort_1": 30, "sort_2": 1, "defect_quantity": 2}}, {"model": "production.line", "pk": 128, "fields": {"line_daily": 66, "production_norm": 17, "sort_1": null, "sort_2": null, "defect_quantity": null}}, {"model": "production.line", "pk": 129, "fields": {"line_daily": 67, "production_norm": 17, "sort_1": 20, "sort_2": 20, "defect_quantity": 0}}, {"model": "production.line", "pk": 130, "fields": {"line_daily": 68, "production_norm": 17, "sort_1": 10, "sort_2": 0, "defect_quantity": 0}}, {"model": "production.line", "pk": 131, "fields": {"line_daily": 69, "production_norm": 17, "sort_1": null, "sort_2": null, "defect_quantity": null}}, {"model": "production.line", "pk": 132, "fields": {"line_daily": 70, "production_norm": 17, "sort_1": null, "sort_2": null, "defect_quantity": null}}, {"model": "production.line", "pk": 133, "fields": {"line_daily": 71, "production_norm": 17, "sort_1": null, "sort_2": null, "defect_quantity": null}}, {"model": "production.line", "pk": 134, "fields": {"line_daily": 72, "production_norm": 17, "sort_1": null, "sort_2": null, "defect_quantity": null}}, {"model": "production.line", "pk": 135, "fields": {"line_daily": 73, "production_norm": 17, "sort_1": null, "sort_2": null, "defect_quantity": null}}, {"model": "production.line", "pk": 136, "fields": {"line_daily": 74, "production_norm": 17, "sort_1": null, "sort_2": null, "defect_quantity": null}}, {"model": "production.line", "pk": 137, "fields": {"line_daily": 75, "production_norm": 17, "sort_1": null, "sort_2": null, "defect_quantity": null}}, {"model": "production.line", "pk": 138, "fields": {"line_daily": 76, "production_norm": 17, "sort_1": null, "sort_2": null, "defect_quantity": null}}, {"model": "production.line", "pk": 139, "fields": {"line_daily": 77, "production_norm": 17, "sort_1": null, "sort_2": null, "defect_quantity": null}}, {"model": "production.line", "pk": 140, "fields": {"line_daily": 78, "production_norm": 17, "sort_1": null, "sort_2": null, "defect_quantity": null}}, {"model": "production.line", "pk": 141, "fields": {"line_daily": 79, "production_norm": 17, "sort_1": null, "sort_2": null, "defect_quantity": null}}, {"model": "production.line", "pk": 142, "fields": {"line_daily": 80, "production_norm": 17, "sort_1": null, "sort_2": null, "defect_quantity": null}}, {"model": "production.line", "pk": 143, "fields": {"line_daily": 81, "production_norm": 17, "sort_1": null, "sort_2": null, "defect_quantity": null}}, {"model": "production.line", "pk": 144, "fields": {"line_daily": 82, "production_norm": 17, "sort_1": null, "sort_2": null, "defect_quantity": null}}, {"model": "production.line", "pk": 145, "fields": {"line_daily": 83, "production_norm": 17, "sort_1": null, "sort_2": null, "defect_quantity": null}}, {"model": "production.line", "pk": 146, "fields": {"line_daily": 84, "production_norm": 17, "sort_1": null, "sort_2": null, "defect_quantity": null}}, {"model": "production.line", "pk": 147, "fields": {"line_daily": 85, "production_norm": 17, "sort_1": null, "sort_2": null, "defect_quantity": null}}, {"model": "production.line", "pk": 148, "fields": {"line_daily": 86, "production_norm": 17, "sort_1": null, "sort_2": null, "defect_quantity": null}}, {"model": "production.line", "pk": 149, "fields": {"line_daily": 87, "production_norm": 17, "sort_1": null, "sort_2": null, "defect_quantity": null}}, {"model": "production.line", "pk": 150, "fields": {"line_daily": 88, "production_norm": 17, "sort_1": null, "sort_2": null, "defect_quantity": null}}, {"model": "production.line", "pk": 151, "fields": {"line_daily": 89, "production_norm": 17, "sort_1": null, "sort_2": null, "defect_quantity": null}}, {"model": "production.line", "pk": 152, "fields": {"line_daily": 90, "production_norm": 17, "sort_1": null, "sort_2": null, "defect_quantity": null}}, {"model": "production.line", "pk": 153, "fields": {"line_daily": 91, "production_norm": 17, "sort_1": null, "sort_2": null, "defect_quantity": null}}, {"model": "production.line", "pk": 154, "fields": {"line_daily": 62, "production_norm": 18, "sort_1": 7, "sort_2": 0, "defect_quantity": 0}}, {"model": "production.line", "pk": 155, "fields": {"line_daily": 63, "production_norm": 18, "sort_1": null, "sort_2": null, "defect_quantity": null}}, {"model": "production.line", "pk": 156, "fields": {"line_daily": 64, "production_norm": 18, "sort_1": null, "sort_2": null, "defect_quantity": null}}, {"model": "production.line", "pk": 157, "fields": {"line_daily": 65, "production_norm": 18, "sort_1": null, "sort_2": null, "defect_quantity": null}}, {"model": "production.line", "pk": 158, "fields": {"line_daily": 66, "production_norm": 18, "sort_1": null, "sort_2": null, "defect_quantity": null}}, {"model": "production.line", "pk": 159, "fields": {"line_daily": 67, "production_norm": 18, "sort_1": null, "sort_2": null, "defect_quantity": null}}, {"model": "production.line", "pk": 160, "fields": {"line_daily": 68, "production_norm": 18, "sort_1": 9, "sort_2": 11, "defect_quantity": 0}}, {"model": "production.line", "pk": 161, "fields": {"line_daily": 69, "production_norm": 18, "sort_1": 16, "sort_2": 8, "defect_quantity": 0}}, {"model": "production.line", "pk": 162, "fields": {"line_daily": 70, "production_norm": 18, "sort_1": null, "sort_2": null, "defect_quantity": null}}, {"model": "production.line", "pk": 163, "fields": {"line_daily": 71, "production_norm": 18, "sort_1": null, "sort_2": null, "defect_quantity": null}}, {"model": "production.line", "pk": 164, "fields": {"line_daily": 72, "production_norm": 18, "sort_1": null, "sort_2": null, "defect_quantity": null}}, {"model": "production.line", "pk": 165, "fields": {"line_daily": 73, "production_norm": 18, "sort_1": null, "sort_2": null, "defect_quantity": null}}, {"model": "production.line", "pk": 166, "fields": {"line_daily": 74, "production_norm": 18, "sort_1": null, "sort_2": null, "defect_quantity": null}}, {"model": "production.line", "pk": 167, "fields": {"line_daily": 75, "production_norm": 18, "sort_1": null, "sort_2": null, "defect_quantity": null}}, {"model": "production.line", "pk": 168, "fields": {"line_daily": 76, "production_norm": 18, "sort_1": null, "sort_2": null, "defect_quantity": null}}, {"model": "production.line", "pk": 169, "fields": {"line_daily": 77, "production_norm": 18, "sort_1": null, "sort_2": null, "defect_quantity": null}}, {"model": "production.line", "pk": 170, "fields": {"line_daily": 78, "production_norm": 18, "sort_1": null, "sort_2": null, "defect_quantity": null}}, {"model": "production.line", "pk": 171, "fields": {"line_daily": 79, "production_norm": 18, "sort_1": null, "sort_2": null, "defect_quantity": null}}, {"model": "production.line", "pk": 172, "fields": {"line_daily": 80, "production_norm": 18, "sort_1": null, "sort_2": null, "defect_quantity": null}}, {"model": "production.line", "pk": 173, "fields": {"line_daily": 81, "production_norm": 18, "sort_1": null, "sort_2": null, "defect_quantity": null}}, {"model": "production.line", "pk": 174, "fields": {"line_daily": 82, "production_norm": 18, "sort_1": null, "sort_2": null, "defect_quantity": null}}, {"model": "production.line", "pk": 175, "fields": {"line_daily": 83, "production_norm": 18, "sort_1": null, "sort_2": null, "defect_quantity": null}}, {"model": "production.line", "pk": 176, "fields": {"line_daily": 84, "production_norm": 18, "sort_1": null, "sort_2": null, "defect_quantity": null}}, {"model": "production.line", "pk": 177, "fields": {"line_daily": 85, "production_norm": 18, "sort_1": null, "sort_2": null, "defect_quantity": null}}, {"model": "production.line", "pk": 178, "fields": {"line_daily": 86, "production_norm": 18, "sort_1": null, "sort_2": null, "defect_quantity": null}}, {"model": "production.line", "pk": 179, "fields": {"line_daily": 87, "production_norm": 18, "sort_1": null, "sort_2": null, "defect_quantity": null}}, {"model": "production.line", "pk": 180, "fields": {"line_daily": 88, "production_norm": 18, "sort_1": null, "sort_2": null, "defect_quantity": null}}, {"model": "production.line", "pk": 181, "fields": {"line_daily": 89, "production_norm": 18, "sort_1": null, "sort_2": null, "defect_quantity": null}}, {"model": "production.line", "pk": 182, "fields": {"line_daily": 90, "production_norm": 18, "sort_1": null, "sort_2": null, "defect_quantity": null}}, {"model": "production.line", "pk": 183, "fields": {"line_daily": 91, "production_norm": 18, "sort_1": null, "sort_2": null, "defect_quantity": null}}, {"model": "production.line", "pk": 184, "fields": {"line_daily": 92, "production_norm": 19, "sort_1": 2, "sort_2": 0, "defect_quantity": 0}}, {"model": "production.line", "pk": 185, "fields": {"line_daily": 93, "production_norm": 19, "sort_1": null, "sort_2": null, "defect_quantity": null}}, {"model": "production.line", "pk": 186, "fields": {"line_daily": 94, "production_norm": 19, "sort_1": null, "sort_2": null, "defect_quantity": null}}, {"model": "production.line", "pk": 187, "fields": {"line_daily": 95, "production_norm": 19, "sort_1": null, "sort_2": null, "defect_quantity": null}}, {"model": "production.line", "pk": 188, "fields": {"line_daily": 96, "production_norm": 19, "sort_1": null, "sort_2": null, "defect_quantity": null}}, {"model": "production.line", "pk": 189, "fields": {"line_daily": 97, "production_norm": 19, "sort_1": null, "sort_2": null, "defect_quantity": null}}, {"model": "production.line", "pk": 190, "fields": {"line_daily": 98, "production_norm": 19, "sort_1": null, "sort_2": null, "defect_quantity": null}}, {"model": "production.line", "pk": 191, "fields": {"line_daily": 99, "production_norm": 19, "sort_1": null, "sort_2": null, "defect_quantity": null}}, {"model": "production.line", "pk": 192, "fields": {"line_daily": 100, "production_norm": 19, "sort_1": null, "sort_2": null, "defect_quantity": null}}, {"model": "production.line", "pk": 193, "fields": {"line_daily": 101, "production_norm": 19, "sort_1": null, "sort_2": null, "defect_quantity": null}}, {"model": "production.line", "pk": 194, "fields": {"line_daily": 102, "production_norm": 19, "sort_1": null, "sort_2": null, "defect_quantity": null}}, {"model": "production.line", "pk": 195, "fields": {"line_daily": 103, "production_norm": 19, "sort_1": null, "sort_2": null, "defect_quantity": null}}, {"model": "production.line", "pk": 196, "fields": {"line_daily": 104, "production_norm": 19, "sort_1": null, "sort_2": null, "defect_quantity": null}}, {"model": "production.line", "pk": 197, "fields": {"line_daily": 105, "production_norm": 19, "sort_1": null, "sort_2": null, "defect_quantity": null}}, {"model": "production.line", "pk": 198, "fields": {"line_daily": 106, "production_norm": 19, "sort_1": null, "sort_2": null, "defect_quantity": null}}, {"model": "production.line", "pk": 199, "fields": {"line_daily": 107, "production_norm": 19, "sort_1": null, "sort_2": null, "defect_quantity": null}}, {"model": "production.line", "pk": 200, "fields": {"line_daily": 108, "production_norm": 19, "sort_1": null, "sort_2": null, "defect_quantity": null}}, {"model": "production.line", "pk": 201, "fields": {"line_daily": 109, "production_norm": 19, "sort_1": null, "sort_2": null, "defect_quantity": null}}, {"model": "production.line", "pk": 202, "fields": {"line_daily": 110, "production_norm": 19, "sort_1": null, "sort_2": null, "defect_quantity": null}}, {"model": "production.line", "pk": 203, "fields": {"line_daily": 111, "production_norm": 19, "sort_1": null, "sort_2": null, "defect_quantity": null}}, {"model": "production.line", "pk": 204, "fields": {"line_daily": 112, "production_norm": 19, "sort_1": null, "sort_2": null, "defect_quantity": null}}, {"model": "production.line", "pk": 205, "fields": {"line_daily": 113, "production_norm": 19, "sort_1": null, "sort_2": null, "defect_quantity": null}}, {"model": "production.line", "pk": 206, "fields": {"line_daily": 114, "production_norm": 19, "sort_1": null, "sort_2": null, "defect_quantity": null}}, {"model": "production.line", "pk": 207, "fields": {"line_daily": 115, "production_norm": 19, "sort_1": null, "sort_2": null, "defect_quantity": null}}, {"model": "production.line", "pk": 208, "fields": {"line_daily": 116, "production_norm": 19, "sort_1": null, "sort_2": null, "defect_quantity": null}}, {"model": "production.line", "pk": 209, "fields": {"line_daily": 117, "production_norm": 19, "sort_1": null, "sort_2": null, "defect_quantity": null}}, {"model": "production.line", "pk": 210, "fields": {"line_daily": 118, "production_norm": 19, "sort_1": null, "sort_2": null, "defect_quantity": null}}, {"model": "production.line", "pk": 211, "fields": {"line_daily": 119, "production_norm": 19, "sort_1": null, "sort_2": null, "defect_quantity": null}}, {"model": "production.line", "pk": 212, "fields": {"line_daily": 120, "production_norm": 19, "sort_1": null, "sort_2": null, "defect_quantity": null}}, {"model": "production.line", "pk": 213, "fields": {"line_daily": 121, "production_norm": 19, "sort_1": null, "sort_2": null, "defect_quantity": null}}, {"model": "production.line", "pk": 214, "fields": {"line_daily": 122, "production_norm": 19, "sort_1": null, "sort_2": null, "defect_quantity": null}}, {"model": "production.line", "pk": 215, "fields": {"line_daily": 92, "production_norm": 20, "sort_1": null, "sort_2": null, "defect_quantity": null}}, {"model": "production.line", "pk": 216, "fields": {"line_daily": 93, "production_norm": 20, "sort_1": null, "sort_2": null, "defect_quantity": null}}, {"model": "production.line", "pk": 217, "fields": {"line_daily": 94, "production_norm": 20, "sort_1": null, "sort_2": null, "defect_quantity": null}}, {"model": "production.line", "pk": 218, "fields": {"line_daily": 95, "production_norm": 20, "sort_1": null, "sort_2": null, "defect_quantity": null}}, {"model": "production.line", "pk": 219, "fields": {"line_daily": 96, "production_norm": 20, "sort_1": null, "sort_2": null, "defect_quantity": null}}, {"model": "production.line", "pk": 220, "fields": {"line_daily": 97, "production_norm": 20, "sort_1": null, "sort_2": null, "defect_quantity": null}}, {"model": "production.line", "pk": 221, "fields": {"line_daily": 98, "production_norm": 20, "sort_1": null, "sort_2": null, "defect_quantity": null}}, {"model": "production.line", "pk": 222, "fields": {"line_daily": 99, "production_norm": 20, "sort_1": null, "sort_2": null, "defect_quantity": null}}, {"model": "production.line", "pk": 223, "fields": {"line_daily": 100, "production_norm": 20, "sort_1": null, "sort_2": null, "defect_quantity": null}}, {"model": "production.line", "pk": 224, "fields": {"line_daily": 101, "production_norm": 20, "sort_1": null, "sort_2": null, "defect_quantity": null}}, {"model": "production.line", "pk": 225, "fields": {"line_daily": 102, "production_norm": 20, "sort_1": null, "sort_2": null, "defect_quantity": null}}, {"model": "production.line", "pk": 226, "fields": {"line_daily": 103, "production_norm": 20, "sort_1": null, "sort_2": null, "defect_quantity": null}}, {"model": "production.line", "pk": 227, "fields": {"line_daily": 104, "production_norm": 20, "sort_1": null, "sort_2": null, "defect_quantity": null}}, {"model": "production.line", "pk": 228, "fields": {"line_daily": 105, "production_norm": 20, "sort_1": null, "sort_2": null, "defect_quantity": null}}, {"model": "production.line", "pk": 229, "fields": {"line_daily": 106, "production_norm": 20, "sort_1": null, "sort_2": null, "defect_quantity": null}}, {"model": "production.line", "pk": 230, "fields": {"line_daily": 107, "production_norm": 20, "sort_1": null, "sort_2": null, "defect_quantity": null}}, {"model": "production.line", "pk": 231, "fields": {"line_daily": 108, "production_norm": 20, "sort_1": null, "sort_2": null, "defect_quantity": null}}, {"model": "production.line", "pk": 232, "fields": {"line_daily": 109, "production_norm": 20, "sort_1": null, "sort_2": null, "defect_quantity": null}}, {"model": "production.line", "pk": 233, "fields": {"line_daily": 110, "production_norm": 20, "sort_1": null, "sort_2": null, "defect_quantity": null}}, {"model": "production.line", "pk": 234, "fields": {"line_daily": 111, "production_norm": 20, "sort_1": null, "sort_2": null, "defect_quantity": null}}, {"model": "production.line", "pk": 235, "fields": {"line_daily": 112, "production_norm": 20, "sort_1": null, "sort_2": null, "defect_quantity": null}}, {"model": "production.line", "pk": 236, "fields": {"line_daily": 113, "production_norm": 20, "sort_1": null, "sort_2": null, "defect_quantity": null}}, {"model": "production.line", "pk": 237, "fields": {"line_daily": 114, "production_norm": 20, "sort_1": null, "sort_2": null, "defect_quantity": null}}, {"model": "production.line", "pk": 238, "fields": {"line_daily": 115, "production_norm": 20, "sort_1": null, "sort_2": null, "defect_quantity": null}}, {"model": "production.line", "pk": 239, "fields": {"line_daily": 116, "production_norm": 20, "sort_1": null, "sort_2": null, "defect_quantity": null}}, {"model": "production.line", "pk": 240, "fields": {"line_daily": 117, "production_norm": 20, "sort_1": null, "sort_2": null, "defect_quantity": null}}, {"model": "production.line", "pk": 241, "fields": {"line_daily": 118, "production_norm": 20, "sort_1": null, "sort_2": null, "defect_quantity": null}}, {"model": "production.line", "pk": 242, "fields": {"line_daily": 119, "production_norm": 20, "sort_1": null, "sort_2": null, "defect_quantity": null}}, {"model": "production.line", "pk": 243, "fields": {"line_daily": 120, "production_norm": 20, "sort_1": null, "sort_2": null, "defect_quantity": null}}, {"model": "production.line", "pk": 244, "fields": {"line_daily": 121, "production_norm": 20, "sort_1": null, "sort_2": null, "defect_quantity": null}}, {"model": "production.line", "pk": 245, "fields": {"line_daily": 122, "production_norm": 20, "sort_1": null, "sort_2": null, "defect_quantity": null}}, {"model": "production.line", "pk": 246, "fields": {"line_daily": 92, "production_norm": 21, "sort_1": null, "sort_2": null, "defect_quantity": null}}, {"model": "production.line", "pk": 247, "fields": {"line_daily": 93, "production_norm": 21, "sort_1": null, "sort_2": null, "defect_quantity": null}}, {"model": "production.line", "pk": 248, "fields": {"line_daily": 94, "production_norm": 21, "sort_1": null, "sort_2": null, "defect_quantity": null}}, {"model": "production.line", "pk": 249, "fields": {"line_daily": 95, "production_norm": 21, "sort_1": null, "sort_2": null, "defect_quantity": null}}, {"model": "production.line", "pk": 250, "fields": {"line_daily": 96, "production_norm": 21, "sort_1": null, "sort_2": null, "defect_quantity": null}}, {"model": "production.line", "pk": 251, "fields": {"line_daily": 97, "production_norm": 21, "sort_1": null, "sort_2": null, "defect_quantity": null}}, {"model": "production.line", "pk": 252, "fields": {"line_daily": 98, "production_norm": 21, "sort_1": null, "sort_2": null, "defect_quantity": null}}, {"model": "production.line", "pk": 253, "fields": {"line_daily": 99, "production_norm": 21, "sort_1": null, "sort_2": null, "defect_quantity": null}}, {"model": "production.line", "pk": 254, "fields": {"line_daily": 100, "production_norm": 21, "sort_1": null, "sort_2": null, "defect_quantity": null}}, {"model": "production.line", "pk": 255, "fields": {"line_daily": 101, "production_norm": 21, "sort_1": null, "sort_2": null, "defect_quantity": null}}, {"model": "production.line", "pk": 256, "fields": {"line_daily": 102, "production_norm": 21, "sort_1": null, "sort_2": null, "defect_quantity": null}}, {"model": "production.line", "pk": 257, "fields": {"line_daily": 103, "production_norm": 21, "sort_1": null, "sort_2": null, "defect_quantity": null}}, {"model": "production.line", "pk": 258, "fields": {"line_daily": 104, "production_norm": 21, "sort_1": null, "sort_2": null, "defect_quantity": null}}, {"model": "production.line", "pk": 259, "fields": {"line_daily": 105, "production_norm": 21, "sort_1": null, "sort_2": null, "defect_quantity": null}}, {"model": "production.line", "pk": 260, "fields": {"line_daily": 106, "production_norm": 21, "sort_1": null, "sort_2": null, "defect_quantity": null}}, {"model": "production.line", "pk": 261, "fields": {"line_daily": 107, "production_norm": 21, "sort_1": null, "sort_2": null, "defect_quantity": null}}, {"model": "production.line", "pk": 262, "fields": {"line_daily": 108, "production_norm": 21, "sort_1": null, "sort_2": null, "defect_quantity": null}}, {"model": "production.line", "pk": 263, "fields": {"line_daily": 109, "production_norm": 21, "sort_1": null, "sort_2": null, "defect_quantity": null}}, {"model": "production.line", "pk": 264, "fields": {"line_daily": 110, "production_norm": 21, "sort_1": null, "sort_2": null, "defect_quantity": null}}, {"model": "production.line", "pk": 265, "fields": {"line_daily": 111, "production_norm": 21, "sort_1": null, "sort_2": null, "defect_quantity": null}}, {"model": "production.line", "pk": 266, "fields": {"line_daily": 112, "production_norm": 21, "sort_1": null, "sort_2": null, "defect_quantity": null}}, {"model": "production.line", "pk": 267, "fields": {"line_daily": 113, "production_norm": 21, "sort_1": null, "sort_2": null, "defect_quantity": null}}, {"model": "production.line", "pk": 268, "fields": {"line_daily": 114, "production_norm": 21, "sort_1": null, "sort_2": null, "defect_quantity": null}}, {"model": "production.line", "pk": 269, "fields": {"line_daily": 115, "production_norm": 21, "sort_1": null, "sort_2": null, "defect_quantity": null}}, {"model": "production.line", "pk": 270, "fields": {"line_daily": 116, "production_norm": 21, "sort_1": null, "sort_2": null, "defect_quantity": null}}, {"model": "production.line", "pk": 271, "fields": {"line_daily": 117, "production_norm": 21, "sort_1": null, "sort_2": null, "defect_quantity": null}}, {"model": "production.line", "pk": 272, "fields": {"line_daily": 118, "production_norm": 21, "sort_1": null, "sort_2": null, "defect_quantity": null}}, {"model": "production.line", "pk": 273, "fields": {"line_daily": 119, "production_norm": 21, "sort_1": null, "sort_2": null, "defect_quantity": null}}, {"model": "production.line", "pk": 274, "fields": {"line_daily": 120, "production_norm": 21, "sort_1": null, "sort_2": null, "defect_quantity": null}}, {"model": "production.line", "pk": 275, "fields": {"line_daily": 121, "production_norm": 21, "sort_1": null, "sort_2": null, "defect_quantity": null}}, {"model": "production.line", "pk": 276, "fields": {"line_daily": 122, "production_norm": 21, "sort_1": null, "sort_2": null, "defect_quantity": null}}, {"model": "production.line", "pk": 277, "fields": {"line_daily": 92, "production_norm": 22, "sort_1": null, "sort_2": null, "defect_quantity": null}}, {"model": "production.line", "pk": 278, "fields": {"line_daily": 93, "production_norm": 22, "sort_1": null, "sort_2": null, "defect_quantity": null}}, {"model": "production.line", "pk": 279, "fields": {"line_daily": 94, "production_norm": 22, "sort_1": null, "sort_2": null, "defect_quantity": null}}, {"model": "production.line", "pk": 280, "fields": {"line_daily": 95, "production_norm": 22, "sort_1": null, "sort_2": null, "defect_quantity": null}}, {"model": "production.line", "pk": 281, "fields": {"line_daily": 96, "production_norm": 22, "sort_1": null, "sort_2": null, "defect_quantity": null}}, {"model": "production.line", "pk": 282, "fields": {"line_daily": 97, "production_norm": 22, "sort_1": null, "sort_2": null, "defect_quantity": null}}, {"model": "production.line", "pk": 283, "fields": {"line_daily": 98, "production_norm": 22, "sort_1": null, "sort_2": null, "defect_quantity": null}}, {"model": "production.line", "pk": 284, "fields": {"line_daily": 99, "production_norm": 22, "sort_1": null, "sort_2": null, "defect_quantity": null}}, {"model": "production.line", "pk": 285, "fields": {"line_daily": 100, "production_norm": 22, "sort_1": null, "sort_2": null, "defect_quantity": null}}, {"model": "production.line", "pk": 286, "fields": {"line_daily": 101, "production_norm": 22, "sort_1": null, "sort_2": null, "defect_quantity": null}}, {"model": "production.line", "pk": 287, "fields": {"line_daily": 102, "production_norm": 22, "sort_1": null, "sort_2": null, "defect_quantity": null}}, {"model": "production.line", "pk": 288, "fields": {"line_daily": 103, "production_norm": 22, "sort_1": null, "sort_2": null, "defect_quantity": null}}, {"model": "production.line", "pk": 289, "fields": {"line_daily": 104, "production_norm": 22, "sort_1": null, "sort_2": null, "defect_quantity": null}}, {"model": "production.line", "pk": 290, "fields": {"line_daily": 105, "production_norm": 22, "sort_1": null, "sort_2": null, "defect_quantity": null}}, {"model": "production.line", "pk": 291, "fields": {"line_daily": 106, "production_norm": 22, "sort_1": null, "sort_2": null, "defect_quantity": null}}, {"model": "production.line", "pk": 292, "fields": {"line_daily": 107, "production_norm": 22, "sort_1": null, "sort_2": null, "defect_quantity": null}}, {"model": "production.line", "pk": 293, "fields": {"line_daily": 108, "production_norm": 22, "sort_1": null, "sort_2": null, "defect_quantity": null}}, {"model": "production.line", "pk": 294, "fields": {"line_daily": 109, "production_norm": 22, "sort_1": null, "sort_2": null, "defect_quantity": null}}, {"model": "production.line", "pk": 295, "fields": {"line_daily": 110, "production_norm": 22, "sort_1": null, "sort_2": null, "defect_quantity": null}}, {"model": "production.line", "pk": 296, "fields": {"line_daily": 111, "production_norm": 22, "sort_1": null, "sort_2": null, "defect_quantity": null}}, {"model": "production.line", "pk": 297, "fields": {"line_daily": 112, "production_norm": 22, "sort_1": null, "sort_2": null, "defect_quantity": null}}, {"model": "production.line", "pk": 298, "fields": {"line_daily": 113, "production_norm": 22, "sort_1": null, "sort_2": null, "defect_quantity": null}}, {"model": "production.line", "pk": 299, "fields": {"line_daily": 114, "production_norm": 22, "sort_1": null, "sort_2": null, "defect_quantity": null}}, {"model": "production.line", "pk": 300, "fields": {"line_daily": 115, "production_norm": 22, "sort_1": null, "sort_2": null, "defect_quantity": null}}, {"model": "production.line", "pk": 301, "fields": {"line_daily": 116, "production_norm": 22, "sort_1": null, "sort_2": null, "defect_quantity": null}}, {"model": "production.line", "pk": 302, "fields": {"line_daily": 117, "production_norm": 22, "sort_1": null, "sort_2": null, "defect_quantity": null}}, {"model": "production.line", "pk": 303, "fields": {"line_daily": 118, "production_norm": 22, "sort_1": null, "sort_2": null, "defect_quantity": null}}, {"model": "production.line", "pk": 304, "fields": {"line_daily": 119, "production_norm": 22, "sort_1": null, "sort_2": null, "defect_quantity": null}}, {"model": "production.line", "pk": 305, "fields": {"line_daily": 120, "production_norm": 22, "sort_1": null, "sort_2": null, "defect_quantity": null}}, {"model": "production.line", "pk": 306, "fields": {"line_daily": 121, "production_norm": 22, "sort_1": null, "sort_2": null, "defect_quantity": null}}, {"model": "production.line", "pk": 307, "fields": {"line_daily": 122, "production_norm": 22, "sort_1": null, "sort_2": null, "defect_quantity": null}}, {"model": "production.lineorders", "pk": 1, "fields": {"order_line": 1, "order": 1, "sort_1": 0, "sort_2": 0, "defect_quantity": 0}}, {"model": "production.lineorders", "pk": 2, "fields": {"order_line": 2, "order": 1, "sort_1": 7, "sort_2": 0, "defect_quantity": 0}}, {"model": "production.lineorders", "pk": 3, "fields": {"order_line": 3, "order": 1, "sort_1": 0, "sort_2": 0, "defect_quantity": 0}}, {"model": "production.lineorders", "pk": 4, "fields": {"order_line": 4, "order": 1, "sort_1": 0, "sort_2": 0, "defect_quantity": 0}}, {"model": "production.lineorders", "pk": 5, "fields": {"order_line": 5, "order": 1, "sort_1": 0, "sort_2": 0, "defect_quantity": 0}}, {"model": "production.lineorders", "pk": 6, "fields": {"order_line": 6, "order": 1, "sort_1": 0, "sort_2": 0, "defect_quantity": 0}}, {"model": "production.lineorders", "pk": 7, "fields": {"order_line": 7, "order": 1, "sort_1": 0, "sort_2": 0, "defect_quantity": 0}}, {"model": "production.lineorders", "pk": 8, "fields": {"order_line": 8, "order": 1, "sort_1": 0, "sort_2": 0, "defect_quantity": 0}}, {"model": "production.lineorders", "pk": 9, "fields": {"order_line": 9, "order": 1, "sort_1": 0, "sort_2": 0, "defect_quantity": 0}}, {"model": "production.lineorders", "pk": 10, "fields": {"order_line": 10, "order": 1, "sort_1": 0, "sort_2": 0, "defect_quantity": 0}}, {"model": "production.lineorders", "pk": 11, "fields": {"order_line": 11, "order": 1, "sort_1": 0, "sort_2": 0, "defect_quantity": 0}}, {"model": "production.lineorders", "pk": 12, "fields": {"order_line": 12, "order": 1, "sort_1": 0, "sort_2": 0, "defect_quantity": 0}}, {"model": "production.lineorders", "pk": 13, "fields": {"order_line": 13, "order": 1, "sort_1": 0, "sort_2": 0, "defect_quantity": 0}}, {"model": "production.lineorders", "pk": 14, "fields": {"order_line": 14, "order": 1, "sort_1": 0, "sort_2": 0, "defect_quantity": 0}}, {"model": "production.lineorders", "pk": 15, "fields": {"order_line": 15, "order": 1, "sort_1": 0, "sort_2": 0, "defect_quantity": 0}}, {"model": "production.lineorders", "pk": 16, "fields": {"order_line": 16, "order": 1, "sort_1": 0, "sort_2": 0, "defect_quantity": 0}}, {"model": "production.lineorders", "pk": 17, "fields": {"order_line": 17, "order": 1, "sort_1": 0, "sort_2": 0, "defect_quantity": 0}}, {"model": "production.lineorders", "pk": 18, "fields": {"order_line": 18, "order": 1, "sort_1": 0, "sort_2": 0, "defect_quantity": 0}}, {"model": "production.lineorders", "pk": 19, "fields": {"order_line": 19, "order": 1, "sort_1": 0, "sort_2": 0, "defect_quantity": 0}}, {"model": "production.lineorders", "pk": 20, "fields": {"order_line": 20, "order": 1, "sort_1": 0, "sort_2": 0, "defect_quantity": 0}}, {"model": "production.lineorders", "pk": 21, "fields": {"order_line": 21, "order": 1, "sort_1": 0, "sort_2": 0, "defect_quantity": 0}}, {"model": "production.lineorders", "pk": 22, "fields": {"order_line": 22, "order": 1, "sort_1": 0, "sort_2": 0, "defect_quantity": 0}}, {"model": "production.lineorders", "pk": 23, "fields": {"order_line": 23, "order": 1, "sort_1": 0, "sort_2": 0, "defect_quantity": 0}}, {"model": "production.lineorders", "pk": 24, "fields": {"order_line": 24, "order": 1, "sort_1": 0, "sort_2": 0, "defect_quantity": 0}}, {"model": "production.lineorders", "pk": 25, "fields": {"order_line": 25, "order": 1, "sort_1": 0, "sort_2": 0, "defect_quantity": 0}}, {"model": "production.lineorders", "pk": 26, "fields": {"order_line": 26, "order": 1, "sort_1": 0, "sort_2": 0, "defect_quantity": 0}}, {"model": "production.lineorders", "pk": 27, "fields": {"order_line": 27, "order": 1, "sort_1": 0, "sort_2": 0, "defect_quantity": 0}}, {"model": "production.lineorders", "pk": 28, "fields": {"order_line": 28, "order": 1, "sort_1": 0, "sort_2": 0, "defect_quantity": 0}}, {"model": "production.lineorders", "pk": 29, "fields": {"order_line": 29, "order": 1, "sort_1": 0, "sort_2": 0, "defect_quantity": 0}}, {"model": "production.lineorders", "pk": 30, "fields": {"order_line": 30, "order": 1, "sort_1": 0, "sort_2": 0, "defect_quantity": 0}}, {"model": "production.lineorders", "pk": 140, "fields": {"order_line": 124, "order": 6, "sort_1": 4, "sort_2": 0, "defect_quantity": 0}}, {"model": "production.lineorders", "pk": 141, "fields": {"order_line": 154, "order": 7, "sort_1": 7, "sort_2": 0, "defect_quantity": 0}}, {"model": "production.lineorders", "pk": 142, "fields": {"order_line": 94, "order": 5, "sort_1": 9, "sort_2": 0, "defect_quantity": 0}}, {"model": "production.lineorders", "pk": 143, "fields": {"order_line": 124, "order": 8, "sort_1": 7, "sort_2": 0, "defect_quantity": 0}}, {"model": "production.lineorders", "pk": 144, "fields": {"order_line": 98, "order": 5, "sort_1": 10, "sort_2": 10, "defect_quantity": 10}}, {"model": "production.lineorders", "pk": 145, "fields": {"order_line": 184, "order": 9, "sort_1": 2, "sort_2": 0, "defect_quantity": 0}}, {"model": "production.lineorders", "pk": 146, "fields": {"order_line": 99, "order": 5, "sort_1": 10, "sort_2": 4, "defect_quantity": 0}}, {"model": "production.lineorders", "pk": 147, "fields": {"order_line": 129, "order": 6, "sort_1": 10, "sort_2": 10, "defect_quantity": 0}}, {"model": "production.lineorders", "pk": 148, "fields": {"order_line": 129, "order": 8, "sort_1": 10, "sort_2": 10, "defect_quantity": 0}}, {"model": "production.lineorders", "pk": 149, "fields": {"order_line": 100, "order": 5, "sort_1": 10, "sort_2": 10, "defect_quantity": 0}}, {"model": "production.lineorders", "pk": 150, "fields": {"order_line": 130, "order": 8, "sort_1": 10, "sort_2": 0, "defect_quantity": 0}}, {"model": "production.lineorders", "pk": 151, "fields": {"order_line": 160, "order": 7, "sort_1": 9, "sort_2": 11, "defect_quantity": 0}}, {"model": "production.lineorders", "pk": 152, "fields": {"order_line": 161, "order": 14, "sort_1": 16, "sort_2": 8, "defect_quantity": 0}}, {"model": "production.lineorders", "pk": 153, "fields": {"order_line": 32, "order": 2, "sort_1": 6, "sort_2": 11, "defect_quantity": 0}}, {"model": "production.lineorders", "pk": 154, "fields": {"order_line": 32, "order": 3, "sort_1": 9, "sort_2": 0, "defect_quantity": 0}}, {"model": "production.lineorders", "pk": 155, "fields": {"order_line": 102, "order": 5, "sort_1": 8, "sort_2": 0, "defect_quantity": 0}}, {"model": "production.lineorders", "pk": 156, "fields": {"order_line": 2, "order": 16, "sort_1": 8, "sort_2": 0, "defect_quantity": 0}}, {"model": "production.lineorders", "pk": 157, "fields": {"order_line": 33, "order": 17, "sort_1": 9, "sort_2": 0, "defect_quantity": 0}}, {"model": "production.lineorders", "pk": 158, "fields": {"order_line": 68, "order": 18, "sort_1": 16, "sort_2": 7, "defect_quantity": 0}}, {"model": "production.linedailyoutput", "pk": 1, "fields": {"line": 1, "norm_category": 1, "date": "2025-09-24", "sort_1": 25, "sort_2": 1, "defect_quantity": 0, "created_at": "2025-09-24T08:16:58.961Z"}}, {"model": "production.linedailyoutput", "pk": 2, "fields": {"line": 2, "norm_category": 2, "date": "2025-09-24", "sort_1": 0, "sort_2": 0, "defect_quantity": 0, "created_at": "2025-09-24T08:18:11.669Z"}}, {"model": "production.linedailyoutput", "pk": 3, "fields": {"line": 2, "norm_category": 3, "date": "2025-09-24", "sort_1": 0, "sort_2": 0, "defect_quantity": 0, "created_at": "2025-09-24T08:18:14.161Z"}}, {"model": "production.linedailyoutput", "pk": 4, "fields": {"line": 3, "norm_category": 4, "date": "2025-09-24", "sort_1": 0, "sort_2": 0, "defect_quantity": 0, "created_at": "2025-09-24T08:18:30.163Z"}}, {"model": "production.linedailyoutput", "pk": 5, "fields": {"line": 2, "norm_category": 6, "date": "2025-09-24", "sort_1": 25, "sort_2": 1, "defect_quantity": 0, "created_at": "2025-09-24T12:01:51.059Z"}}, {"model": "production.linedailyoutput", "pk": 6, "fields": {"line": 2, "norm_category": 6, "date": "2025-09-25", "sort_1": 0, "sort_2": 0, "defect_quantity": 0, "created_at": "2025-09-25T07:43:51.542Z"}}, {"model": "production.linedailyoutput", "pk": 7, "fields": {"line": 1, "norm_category": 5, "date": "2025-09-25", "sort_1": 102, "sort_2": 31, "defect_quantity": 11, "created_at": "2025-09-25T07:49:19.629Z"}}, {"model": "production.linedailyoutput", "pk": 8, "fields": {"line": 2, "norm_category": 6, "date": "2025-09-26", "sort_1": 4, "sort_2": 0, "defect_quantity": 0, "created_at": "2025-09-26T04:39:20.546Z"}}, {"model": "production.linedailyoutput", "pk": 9, "fields": {"line": 2, "norm_category": 8, "date": "2025-09-26", "sort_1": 7, "sort_2": 0, "defect_quantity": 0, "created_at": "2025-09-26T04:41:30.164Z"}}, {"model": "production.linedailyoutput", "pk": 10, "fields": {"line": 1, "norm_category": 1, "date": "2025-09-26", "sort_1": 0, "sort_2": 0, "defect_quantity": 0, "created_at": "2025-09-26T05:58:35.797Z"}}, {"model": "production.linedailyoutput", "pk": 11, "fields": {"line": 1, "norm_category": 5, "date": "2025-09-26", "sort_1": 9, "sort_2": 0, "defect_quantity": 0, "created_at": "2025-09-26T06:03:22.508Z"}}, {"model": "production.linedailyoutput", "pk": 12, "fields": {"line": 3, "norm_category": 4, "date": "2025-09-26", "sort_1": 0, "sort_2": 0, "defect_quantity": 0, "created_at": "2025-09-26T07:09:14.171Z"}}, {"model": "production.linedailyoutput", "pk": 13, "fields": {"line": 2, "norm_category": 3, "date": "2025-09-26", "sort_1": 0, "sort_2": 0, "defect_quantity": 0, "created_at": "2025-09-26T07:09:14.602Z"}}, {"model": "production.linedailyoutput", "pk": 14, "fields": {"line": 2, "norm_category": 2, "date": "2025-09-26", "sort_1": 0, "sort_2": 0, "defect_quantity": 0, "created_at": "2025-09-26T07:09:15.386Z"}}, {"model": "production.linedailyoutput", "pk": 15, "fields": {"line": 3, "norm_category": 7, "date": "2025-09-26", "sort_1": 7, "sort_2": 0, "defect_quantity": 0, "created_at": "2025-09-26T12:17:28.650Z"}}, {"model": "production.linedailyoutput", "pk": 16, "fields": {"line": 1, "norm_category": 5, "date": "2025-09-27", "sort_1": 19, "sort_2": 10, "defect_quantity": 10, "created_at": "2025-09-27T04:34:03.078Z"}}, {"model": "production.linedailyoutput", "pk": 17, "fields": {"line": 4, "norm_category": 9, "date": "2025-09-27", "sort_1": 4, "sort_2": 0, "defect_quantity": 0, "created_at": "2025-09-27T07:38:06.339Z"}}, {"model": "production.linedailyoutput", "pk": 18, "fields": {"line": 4, "norm_category": 9, "date": "2025-09-29", "sort_1": 2, "sort_2": 0, "defect_quantity": 0, "created_at": "2025-09-29T05:39:28.292Z"}}, {"model": "production.linedailyoutput", "pk": 19, "fields": {"line": 1, "norm_category": 5, "date": "2025-09-29", "sort_1": 39, "sort_2": 24, "defect_quantity": 10, "created_at": "2025-09-29T11:46:35.380Z"}}, {"model": "production.linedailyoutput", "pk": 20, "fields": {"line": 2, "norm_category": 6, "date": "2025-09-29", "sort_1": 14, "sort_2": 10, "defect_quantity": 0, "created_at": "2025-09-29T11:47:34.650Z"}}, {"model": "production.linedailyoutput", "pk": 21, "fields": {"line": 2, "norm_category": 8, "date": "2025-09-29", "sort_1": 27, "sort_2": 10, "defect_quantity": 0, "created_at": "2025-09-29T11:48:53.644Z"}}, {"model": "production.linedailyoutput", "pk": 22, "fields": {"line": 3, "norm_category": 7, "date": "2025-09-29", "sort_1": 16, "sort_2": 11, "defect_quantity": 0, "created_at": "2025-09-29T12:42:23.951Z"}}, {"model": "production.linedailyoutput", "pk": 23, "fields": {"line": 3, "norm_category": 14, "date": "2025-09-30", "sort_1": 16, "sort_2": 8, "defect_quantity": 0, "created_at": "2025-09-30T08:15:25.711Z"}}, {"model": "production.linedailyoutput", "pk": 24, "fields": {"line": 2, "norm_category": 2, "date": "2025-09-30", "sort_1": 6, "sort_2": 11, "defect_quantity": 0, "created_at": "2025-09-30T12:01:31.606Z"}}, {"model": "production.linedailyoutput", "pk": 25, "fields": {"line": 1, "norm_category": 1, "date": "2025-09-30", "sort_1": 7, "sort_2": 0, "defect_quantity": 0, "created_at": "2025-09-30T12:03:39.216Z"}}, {"model": "production.linedailyoutput", "pk": 26, "fields": {"line": 2, "norm_category": 3, "date": "2025-09-30", "sort_1": 9, "sort_2": 0, "defect_quantity": 0, "created_at": "2025-09-30T12:14:00.686Z"}}, {"model": "production.linedailyoutput", "pk": 27, "fields": {"line": 1, "norm_category": 5, "date": "2025-10-01", "sort_1": 47, "sort_2": 24, "defect_quantity": 10, "created_at": "2025-10-01T09:18:14.935Z"}}, {"model": "production.linedailyoutput", "pk": 28, "fields": {"line": 1, "norm_category": 16, "date": "2025-10-06", "sort_1": 8, "sort_2": 0, "defect_quantity": 0, "created_at": "2025-10-06T07:12:29.534Z"}}, {"model": "production.linedailyoutput", "pk": 29, "fields": {"line": 2, "norm_category": 17, "date": "2025-10-06", "sort_1": 9, "sort_2": 0, "defect_quantity": 0, "created_at": "2025-10-06T07:12:37.626Z"}}, {"model": "production.linedailyoutput", "pk": 30, "fields": {"line": 3, "norm_category": 18, "date": "2025-10-06", "sort_1": 16, "sort_2": 7, "defect_quantity": 0, "created_at": "2025-10-06T07:45:38.231Z"}}, {"model": "production.monthplaning", "pk": 1, "fields": {"warehouse": 2, "year": 2025, "month": "09", "comment": null, "day_planing": "23", "planing_quantity": 25000, "fact_quantity": 364}}, {"model": "production.monthplaning", "pk": 2, "fields": {"warehouse": 1, "year": 2025, "month": "09", "comment": null, "day_planing": "25", "planing_quantity": 175000, "fact_quantity": null}}, {"model": "production.monthplaning", "pk": 3, "fields": {"warehouse": 2, "year": 2025, "month": "10", "comment": null, "day_planing": "25", "planing_quantity": 80466, "fact_quantity": 73}}, {"model": "production.monthplaningorder", "pk": 1, "fields": {"month_planing": 1, "order": 1, "planed_quantity": 10000, "stock_quantity": 4766, "fact_quantity": 132, "comment": null}}, {"model": "production.monthplaningorder", "pk": 2, "fields": {"month_planing": 1, "order": 2, "planed_quantity": 15000, "stock_quantity": 2847, "fact_quantity": 51, "comment": null}}, {"model": "production.monthplaningorder", "pk": 3, "fields": {"month_planing": 2, "order": 1, "planed_quantity": 25000, "stock_quantity": 79998, "fact_quantity": 0, "comment": null}}, {"model": "production.monthplaningorder", "pk": 4, "fields": {"month_planing": 2, "order": 2, "planed_quantity": 150000, "stock_quantity": 71993, "fact_quantity": 0, "comment": null}}, {"model": "production.monthplaningorder", "pk": 5, "fields": {"month_planing": 3, "order": 12, "planed_quantity": 1050, "stock_quantity": 0, "fact_quantity": 0, "comment": null}}, {"model": "production.monthplaningorder", "pk": 6, "fields": {"month_planing": 3, "order": 15, "planed_quantity": 1400, "stock_quantity": 0, "fact_quantity": 0, "comment": null}}, {"model": "production.monthplaningorder", "pk": 7, "fields": {"month_planing": 3, "order": 10, "planed_quantity": 7148, "stock_quantity": 0, "fact_quantity": 0, "comment": null}}, {"model": "production.monthplaningorder", "pk": 8, "fields": {"month_planing": 3, "order": 5, "planed_quantity": 5000, "stock_quantity": 3644, "fact_quantity": 8, "comment": null}}, {"model": "production.monthplaningorder", "pk": 9, "fields": {"month_planing": 3, "order": 16, "planed_quantity": 4571, "stock_quantity": 0, "fact_quantity": 0, "comment": null}}, {"model": "production.monthplaningorder", "pk": 10, "fields": {"month_planing": 3, "order": 9, "planed_quantity": 8000, "stock_quantity": 6512, "fact_quantity": 23, "comment": null}}, {"model": "production.monthplaningorder", "pk": 11, "fields": {"month_planing": 3, "order": 4, "planed_quantity": 7000, "stock_quantity": 15498, "fact_quantity": 0, "comment": null}}, {"model": "production.monthplaningorder", "pk": 12, "fields": {"month_planing": 3, "order": 6, "planed_quantity": 17000, "stock_quantity": 15969, "fact_quantity": 0, "comment": null}}, {"model": "production.monthplaningorder", "pk": 13, "fields": {"month_planing": 3, "order": 7, "planed_quantity": 576, "stock_quantity": 0, "fact_quantity": 0, "comment": null}}, {"model": "production.monthplaningorder", "pk": 14, "fields": {"month_planing": 3, "order": 3, "planed_quantity": 576, "stock_quantity": 1781, "fact_quantity": 0, "comment": null}}, {"model": "production.monthplaningorder", "pk": 15, "fields": {"month_planing": 3, "order": 11, "planed_quantity": 936, "stock_quantity": 0, "fact_quantity": 0, "comment": null}}, {"model": "production.monthplaningorder", "pk": 16, "fields": {"month_planing": 3, "order": 21, "planed_quantity": 1409, "stock_quantity": 0, "fact_quantity": 0, "comment": null}}, {"model": "production.monthplaningorder", "pk": 17, "fields": {"month_planing": 3, "order": 20, "planed_quantity": 4900, "stock_quantity": 0, "fact_quantity": 0, "comment": null}}, {"model": "production.monthplaningorder", "pk": 18, "fields": {"month_planing": 3, "order": 19, "planed_quantity": 11400, "stock_quantity": 0, "fact_quantity": 0, "comment": null}}, {"model": "production.monthplaningorder", "pk": 19, "fields": {"month_planing": 3, "order": 18, "planed_quantity": 8000, "stock_quantity": 0, "fact_quantity": 0, "comment": null}}, {"model": "production.monthplaningorder", "pk": 20, "fields": {"month_planing": 3, "order": 14, "planed_quantity": 1500, "stock_quantity": 3787, "fact_quantity": 9, "comment": null}}, {"model": "sewing.brand", "pk": 1, "fields": {"name": "Test 1", "image": ""}}, {"model": "sewing.brand", "pk": 2, "fields": {"name": "Test 2", "image": ""}}, {"model": "sewing.brand", "pk": 3, "fields": {"name": "SportMaster", "image": "brands/sportmaster_A1KNaen.jpg"}}, {"model": "sewing.brand", "pk": 4, "fields": {"name": "SELA", "image": "brands/sela_5LyyQ2d.jpg"}}, {"model": "sewing.brand", "pk": 5, "fields": {"name": "BASSIKE", "image": "brands/basike.png"}}, {"model": "sewing.brand", "pk": 6, "fields": {"name": "OMSA", "image": "brands/immg_rosa_piu_logo_3t0VXpM.jpg"}}, {"model": "sewing.brand", "pk": 7, "fields": {"name": "FINN FLARE", "image": "brands/finn-flare_mexldFg.png"}}, {"model": "sewing.brand", "pk": 8, "fields": {"name": "╧Ёюўшх", "image": "brands/no_image.jpg"}}, {"model": "sewing.specification", "pk": 1, "fields": {"name": "Test2025_1"}}, {"model": "sewing.specification", "pk": 2, "fields": {"name": "Test2025#2"}}, {"model": "sewing.specification", "pk": 3, "fields": {"name": "SS26"}}, {"model": "sewing.specification", "pk": 4, "fields": {"name": "AW26"}}, {"model": "sewing.specification", "pk": 5, "fields": {"name": "omsa2025"}}, {"model": "sewing.specification", "pk": 6, "fields": {"name": "sela2025"}}, {"model": "sewing.specification", "pk": 7, "fields": {"name": "яЁюўшх"}}, {"model": "sewing.specification", "pk": 8, "fields": {"name": "basike2025"}}, {"model": "sewing.specification", "pk": 9, "fields": {"name": "finflare2025"}}, {"model": "sewing.sewingcategory", "pk": 1, "fields": {"name": "A", "norm": "1200"}}, {"model": "sewing.sewingcategory", "pk": 2, "fields": {"name": "B", "norm": "700"}}, {"model": "sewing.sewingcategory", "pk": 3, "fields": {"name": "C", "norm": "500"}}, {"model": "sewing.packagingcategory", "pk": 1, "fields": {"name": "A", "norm": "2500"}}, {"model": "sewing.packagingcategory", "pk": 2, "fields": {"name": "B", "norm": "2000"}}, {"model": "sewing.packagingcategory", "pk": 3, "fields": {"name": "C", "norm": "1500"}}, {"model": "sewing.packagingcategory", "pk": 4, "fields": {"name": "D", "norm": "1000"}}, {"model": "sewing.accessory", "pk": 1, "fields": {"name": "Test2355", "brand": 1, "image": "", "comment": null, "type": "SHT"}}, {"model": "sewing.accessory", "pk": 2, "fields": {"name": "═шЄъш фы  °шЄ№ ", "brand": 8, "image": "", "comment": null, "type": "KG"}}, {"model": "sewing.accessory", "pk": 3, "fields": {"name": "▌ЄшъхЄър яю єїюфє (сюъютр )", "brand": 8, "image": "", "comment": null, "type": "SHT"}}, {"model": "sewing.accessory", "pk": 4, "fields": {"name": "╦юЄ яръхЄ", "brand": 8, "image": "", "comment": null, "type": "SHT"}}, {"model": "sewing.article", "pk": 1, "fields": {"name": "Test uchun", "article": "251445", "brand": 1, "sewing_category": 1, "packaging_category": 1, "image": ""}}, {"model": "sewing.article", "pk": 2, "fields": {"name": "Test uchun 2", "article": "21445", "brand": 2, "sewing_category": 2, "packaging_category": 2, "image": ""}}, {"model": "sewing.article", "pk": 3, "fields": {"name": "╘єЄсюыър ьєцёър ", "article": "MTSCO01", "brand": 5, "sewing_category": 1, "packaging_category": 1, "image": ""}}, {"model": "sewing.article", "pk": 4, "fields": {"name": "┴Ё■ъш фы  фхтюўхъ", "article": "132083", "brand": 3, "sewing_category": 2, "packaging_category": 2, "image": "articles/132083.png"}}, {"model": "sewing.article", "pk": 5, "fields": {"name": "┴Ё■ъш фы  ьры№ўшъют", "article": "SL6801071503", "brand": 4, "sewing_category": 2, "packaging_category": 2, "image": ""}}, {"model": "sewing.article", "pk": 6, "fields": {"name": "Women's tank top", "article": "120464", "brand": 3, "sewing_category": 1, "packaging_category": 1, "image": "articles/120464.png"}}, {"model": "sewing.article", "pk": 7, "fields": {"name": "╘єЄсюыър цхэёър ", "article": "WTSCO01", "brand": 5, "sewing_category": 1, "packaging_category": 1, "image": ""}}, {"model": "sewing.article", "pk": 8, "fields": {"name": "╘єЄсюыър фы  ьєцўшэ", "article": "142798", "brand": 3, "sewing_category": 1, "packaging_category": 1, "image": "articles/142798.png"}}, {"model": "sewing.article", "pk": 9, "fields": {"name": "╞хэёъшх сЁ■ъш", "article": "FBG110120", "brand": 7, "sewing_category": 2, "packaging_category": 2, "image": "articles/FBG110120.png"}}, {"model": "sewing.article", "pk": 10, "fields": {"name": "╤тшЄ°юЄ фы  цхэ∙шэ", "article": "FBG110119", "brand": 7, "sewing_category": 2, "packaging_category": 2, "image": "articles/FBG110119.png"}}, {"model": "sewing.article", "pk": 11, "fields": {"name": "╞хэёър  ЇєЄсюыър", "article": "BAS-100193", "brand": 7, "sewing_category": 1, "packaging_category": 1, "image": "articles/BAS-100193.png"}}, {"model": "sewing.article", "pk": 12, "fields": {"name": "╘єЄсюыър фы  фхтюўхъ", "article": "142280", "brand": 3, "sewing_category": 1, "packaging_category": 1, "image": "articles/142280.png"}}, {"model": "sewing.article", "pk": 13, "fields": {"name": "┴Ё■ъш фы  ьры№ўшъют", "article": "SL6801071501", "brand": 4, "sewing_category": 2, "packaging_category": 3, "image": ""}}, {"model": "sewing.article", "pk": 14, "fields": {"name": "╘єЄсюыър фы  фхтюўхъ", "article": "142160", "brand": 3, "sewing_category": 1, "packaging_category": 1, "image": "articles/142160.png"}}, {"model": "sewing.article", "pk": 15, "fields": {"name": "╘єЄсюыър фы  ьры№ўшъют", "article": "142336", "brand": 3, "sewing_category": 1, "packaging_category": 1, "image": "articles/142336.png"}}, {"model": "sewing.article", "pk": 16, "fields": {"name": "╘єЄсюыър фы  ьры№ўшъют", "article": "142338", "brand": 3, "sewing_category": 1, "packaging_category": 1, "image": "articles/142338.png"}}, {"model": "sewing.article", "pk": 17, "fields": {"name": "╪юЁЄ√ фы  ьры№ўшъют", "article": "142245", "brand": 3, "sewing_category": 2, "packaging_category": 2, "image": "articles/142245.png"}}, {"model": "sewing.article", "pk": 18, "fields": {"name": "╪юЁЄ√ фы  ьры№ўшъют", "article": "137523", "brand": 3, "sewing_category": 1, "packaging_category": 1, "image": "articles/137523.png"}}, {"model": "sewing.article", "pk": 19, "fields": {"name": "┴Ё■ъш фы  ьры№ўшъют", "article": "SL6801061503", "brand": 4, "sewing_category": 2, "packaging_category": 2, "image": "articles/SL6801061503.png"}}, {"model": "sewing.article", "pk": 20, "fields": {"name": "┴Ё■ъш фы  ьры№ўшъют", "article": "SL6801071503", "brand": 4, "sewing_category": 2, "packaging_category": 3, "image": "articles/SL6801061503_5Zwz7DV.png"}}, {"model": "sewing.article", "pk": 21, "fields": {"name": "╘єЄсюыър цхэёър ", "article": "142072", "brand": 3, "sewing_category": 1, "packaging_category": 1, "image": "articles/142072.png"}}, {"model": "sewing.article", "pk": 22, "fields": {"name": "╪юЁЄ√ фы  фхтюўхъ", "article": "141159", "brand": 3, "sewing_category": 2, "packaging_category": 2, "image": "articles/141159.png"}}, {"model": "sewing.article", "pk": 23, "fields": {"name": "─цхьяхЁ фы  ьры№ўшъют", "article": "142321", "brand": 3, "sewing_category": 3, "packaging_category": 4, "image": ""}}, {"model": "sewing.articleaccessory", "pk": 1, "fields": {"article": 1, "accessory": 1, "quantity": "1.000"}}, {"model": "sewing.articleaccessory", "pk": 2, "fields": {"article": 2, "accessory": 1, "quantity": "1.000"}}, {"model": "sewing.articleaccessory", "pk": 3, "fields": {"article": 3, "accessory": 1, "quantity": "1.000"}}, {"model": "sewing.articleaccessory", "pk": 4, "fields": {"article": 3, "accessory": 2, "quantity": "0.025"}}, {"model": "sewing.articleaccessory", "pk": 5, "fields": {"article": 3, "accessory": 3, "quantity": "1.000"}}, {"model": "sewing.articleaccessory", "pk": 6, "fields": {"article": 3, "accessory": 4, "quantity": "1.000"}}, {"model": "sewing.articleaccessory", "pk": 11, "fields": {"article": 5, "accessory": 1, "quantity": "1.000"}}, {"model": "sewing.articleaccessory", "pk": 12, "fields": {"article": 5, "accessory": 2, "quantity": "0.015"}}, {"model": "sewing.articleaccessory", "pk": 13, "fields": {"article": 5, "accessory": 3, "quantity": "1.000"}}, {"model": "sewing.articleaccessory", "pk": 14, "fields": {"article": 5, "accessory": 4, "quantity": "1.000"}}, {"model": "sewing.articleaccessory", "pk": 19, "fields": {"article": 7, "accessory": 1, "quantity": "1.000"}}, {"model": "sewing.articleaccessory", "pk": 20, "fields": {"article": 7, "accessory": 2, "quantity": "0.015"}}, {"model": "sewing.articleaccessory", "pk": 21, "fields": {"article": 7, "accessory": 3, "quantity": "1.000"}}, {"model": "sewing.articleaccessory", "pk": 22, "fields": {"article": 7, "accessory": 4, "quantity": "1.000"}}, {"model": "sewing.articleaccessory", "pk": 41, "fields": {"article": 13, "accessory": 1, "quantity": "1.000"}}, {"model": "sewing.articleaccessory", "pk": 42, "fields": {"article": 13, "accessory": 2, "quantity": "1.000"}}, {"model": "sewing.articleaccessory", "pk": 43, "fields": {"article": 13, "accessory": 2, "quantity": "1.000"}}, {"model": "sewing.articleaccessory", "pk": 71, "fields": {"article": 22, "accessory": 1, "quantity": "1.000"}}, {"model": "sewing.articleaccessory", "pk": 72, "fields": {"article": 22, "accessory": 2, "quantity": "1.000"}}, {"model": "sewing.articleaccessory", "pk": 73, "fields": {"article": 22, "accessory": 3, "quantity": "1.000"}}, {"model": "sewing.articleaccessory", "pk": 74, "fields": {"article": 23, "accessory": 1, "quantity": "1.000"}}, {"model": "sewing.articleaccessory", "pk": 75, "fields": {"article": 23, "accessory": 2, "quantity": "1.000"}}, {"model": "sewing.articleaccessory", "pk": 76, "fields": {"article": 23, "accessory": 3, "quantity": "1.000"}}, {"model": "sewing.articleaccessory", "pk": 77, "fields": {"article": 23, "accessory": 4, "quantity": "1.000"}}, {"model": "sewing.articleaccessory", "pk": 78, "fields": {"article": 9, "accessory": 2, "quantity": "0.015"}}, {"model": "sewing.articleaccessory", "pk": 79, "fields": {"article": 9, "accessory": 1, "quantity": "1.000"}}, {"model": "sewing.articleaccessory", "pk": 80, "fields": {"article": 9, "accessory": 3, "quantity": "1.000"}}, {"model": "sewing.articleaccessory", "pk": 81, "fields": {"article": 9, "accessory": 4, "quantity": "1.000"}}, {"model": "sewing.articleaccessory", "pk": 82, "fields": {"article": 10, "accessory": 1, "quantity": "1.000"}}, {"model": "sewing.articleaccessory", "pk": 83, "fields": {"article": 10, "accessory": 2, "quantity": "0.450"}}, {"model": "sewing.articleaccessory", "pk": 84, "fields": {"article": 10, "accessory": 3, "quantity": "1.000"}}, {"model": "sewing.articleaccessory", "pk": 85, "fields": {"article": 10, "accessory": 4, "quantity": "1.000"}}, {"model": "sewing.articleaccessory", "pk": 86, "fields": {"article": 11, "accessory": 1, "quantity": "1.000"}}, {"model": "sewing.articleaccessory", "pk": 87, "fields": {"article": 11, "accessory": 2, "quantity": "0.015"}}, {"model": "sewing.articleaccessory", "pk": 88, "fields": {"article": 11, "accessory": 3, "quantity": "1.000"}}, {"model": "sewing.articleaccessory", "pk": 89, "fields": {"article": 12, "accessory": 1, "quantity": "1.000"}}, {"model": "sewing.articleaccessory", "pk": 90, "fields": {"article": 12, "accessory": 2, "quantity": "1.000"}}, {"model": "sewing.articleaccessory", "pk": 91, "fields": {"article": 12, "accessory": 3, "quantity": "1.000"}}, {"model": "sewing.articleaccessory", "pk": 92, "fields": {"article": 4, "accessory": 1, "quantity": "1.000"}}, {"model": "sewing.articleaccessory", "pk": 93, "fields": {"article": 4, "accessory": 2, "quantity": "0.025"}}, {"model": "sewing.articleaccessory", "pk": 94, "fields": {"article": 4, "accessory": 3, "quantity": "1.000"}}, {"model": "sewing.articleaccessory", "pk": 95, "fields": {"article": 4, "accessory": 4, "quantity": "1.000"}}, {"model": "sewing.articleaccessory", "pk": 96, "fields": {"article": 6, "accessory": 1, "quantity": "1.000"}}, {"model": "sewing.articleaccessory", "pk": 97, "fields": {"article": 6, "accessory": 2, "quantity": "0.150"}}, {"model": "sewing.articleaccessory", "pk": 98, "fields": {"article": 6, "accessory": 3, "quantity": "1.000"}}, {"model": "sewing.articleaccessory", "pk": 99, "fields": {"article": 6, "accessory": 4, "quantity": "1.000"}}, {"model": "sewing.articleaccessory", "pk": 100, "fields": {"article": 8, "accessory": 1, "quantity": "1.000"}}, {"model": "sewing.articleaccessory", "pk": 101, "fields": {"article": 8, "accessory": 2, "quantity": "0.015"}}, {"model": "sewing.articleaccessory", "pk": 102, "fields": {"article": 8, "accessory": 3, "quantity": "1.000"}}, {"model": "sewing.articleaccessory", "pk": 103, "fields": {"article": 8, "accessory": 4, "quantity": "1.000"}}, {"model": "sewing.articleaccessory", "pk": 104, "fields": {"article": 18, "accessory": 1, "quantity": "1.000"}}, {"model": "sewing.articleaccessory", "pk": 105, "fields": {"article": 18, "accessory": 2, "quantity": "1.000"}}, {"model": "sewing.articleaccessory", "pk": 106, "fields": {"article": 18, "accessory": 3, "quantity": "1.000"}}, {"model": "sewing.articleaccessory", "pk": 107, "fields": {"article": 19, "accessory": 1, "quantity": "1.000"}}, {"model": "sewing.articleaccessory", "pk": 108, "fields": {"article": 19, "accessory": 2, "quantity": "1.000"}}, {"model": "sewing.articleaccessory", "pk": 109, "fields": {"article": 19, "accessory": 3, "quantity": "1.000"}}, {"model": "sewing.articleaccessory", "pk": 110, "fields": {"article": 20, "accessory": 2, "quantity": "1.000"}}, {"model": "sewing.articleaccessory", "pk": 111, "fields": {"article": 20, "accessory": 4, "quantity": "1.000"}}, {"model": "sewing.articleaccessory", "pk": 112, "fields": {"article": 21, "accessory": 2, "quantity": "1.000"}}, {"model": "sewing.articleaccessory", "pk": 113, "fields": {"article": 21, "accessory": 3, "quantity": "1.000"}}, {"model": "sewing.articleaccessory", "pk": 114, "fields": {"article": 14, "accessory": 1, "quantity": "1.000"}}, {"model": "sewing.articleaccessory", "pk": 115, "fields": {"article": 14, "accessory": 2, "quantity": "1.000"}}, {"model": "sewing.articleaccessory", "pk": 116, "fields": {"article": 14, "accessory": 3, "quantity": "1.000"}}, {"model": "sewing.articleaccessory", "pk": 117, "fields": {"article": 15, "accessory": 1, "quantity": "1.000"}}, {"model": "sewing.articleaccessory", "pk": 118, "fields": {"article": 15, "accessory": 2, "quantity": "1.000"}}, {"model": "sewing.articleaccessory", "pk": 119, "fields": {"article": 15, "accessory": 3, "quantity": "1.000"}}, {"model": "sewing.articleaccessory", "pk": 120, "fields": {"article": 15, "accessory": 4, "quantity": "1.000"}}, {"model": "sewing.articleaccessory", "pk": 121, "fields": {"article": 16, "accessory": 1, "quantity": "1.000"}}, {"model": "sewing.articleaccessory", "pk": 122, "fields": {"article": 16, "accessory": 3, "quantity": "1.000"}}, {"model": "sewing.articleaccessory", "pk": 123, "fields": {"article": 16, "accessory": 2, "quantity": "1.000"}}, {"model": "sewing.articleaccessory", "pk": 124, "fields": {"article": 16, "accessory": 4, "quantity": "1.000"}}, {"model": "sewing.articleaccessory", "pk": 125, "fields": {"article": 17, "accessory": 1, "quantity": "1.000"}}, {"model": "sewing.articleaccessory", "pk": 126, "fields": {"article": 17, "accessory": 2, "quantity": "1.000"}}, {"model": "sewing.articleaccessory", "pk": 127, "fields": {"article": 17, "accessory": 3, "quantity": "1.000"}}, {"model": "sewing.order", "pk": 1, "fields": {"specification": 1, "article": 1, "quantity": 1, "comment": ""}}, {"model": "sewing.order", "pk": 2, "fields": {"specification": 2, "article": 2, "quantity": 99, "comment": "25"}}, {"model": "sewing.order", "pk": 3, "fields": {"specification": 6, "article": 5, "quantity": 1, "comment": ""}}, {"model": "sewing.order", "pk": 4, "fields": {"specification": 3, "article": 8, "quantity": 1, "comment": ""}}, {"model": "sewing.order", "pk": 5, "fields": {"specification": 4, "article": 4, "quantity": 1, "comment": ""}}, {"model": "sewing.order", "pk": 6, "fields": {"specification": 4, "article": 18, "quantity": 1, "comment": ""}}, {"model": "sewing.order", "pk": 7, "fields": {"specification": 6, "article": 19, "quantity": 1, "comment": ""}}, {"model": "sewing.order", "pk": 8, "fields": {"specification": 8, "article": 7, "quantity": 1, "comment": ""}}, {"model": "sewing.order", "pk": 9, "fields": {"specification": 3, "article": 6, "quantity": 1, "comment": "1"}}, {"model": "sewing.order", "pk": 10, "fields": {"specification": 9, "article": 11, "quantity": 1, "comment": ""}}, {"model": "sewing.order", "pk": 11, "fields": {"specification": 4, "article": 21, "quantity": 1, "comment": ""}}, {"model": "sewing.order", "pk": 12, "fields": {"specification": 9, "article": 9, "quantity": 1, "comment": ""}}, {"model": "sewing.order", "pk": 13, "fields": {"specification": 8, "article": 3, "quantity": 1, "comment": ""}}, {"model": "sewing.order", "pk": 14, "fields": {"specification": 3, "article": 23, "quantity": 1, "comment": ""}}, {"model": "sewing.order", "pk": 15, "fields": {"specification": 9, "article": 10, "quantity": 1, "comment": ""}}, {"model": "sewing.order", "pk": 16, "fields": {"specification": 4, "article": 12, "quantity": 1, "comment": ""}}, {"model": "sewing.order", "pk": 17, "fields": {"specification": 4, "article": 22, "quantity": 1, "comment": ""}}, {"model": "sewing.order", "pk": 18, "fields": {"specification": 3, "article": 17, "quantity": 1, "comment": ""}}, {"model": "sewing.order", "pk": 19, "fields": {"specification": 4, "article": 16, "quantity": 1, "comment": ""}}, {"model": "sewing.order", "pk": 20, "fields": {"specification": 3, "article": 15, "quantity": 1, "comment": ""}}, {"model": "sewing.order", "pk": 21, "fields": {"specification": 3, "article": 14, "quantity": 2, "comment": ""}}, {"model": "sewing.ordervariant", "pk": 1, "fields": {"order": 1, "name": "Red"}}, {"model": "sewing.ordervariant", "pk": 2, "fields": {"order": 1, "name": "Black"}}, {"model": "sewing.ordervariant", "pk": 3, "fields": {"order": 2, "name": "99"}}, {"model": "sewing.ordervariant", "pk": 4, "fields": {"order": 2, "name": "01"}}, {"model": "sewing.ordervariant", "pk": 5, "fields": {"order": 3, "name": "2/185"}}, {"model": "sewing.ordervariant", "pk": 6, "fields": {"order": 3, "name": "2/47"}}, {"model": "sewing.ordervariant", "pk": 7, "fields": {"order": 3, "name": "2/183"}}, {"model": "sewing.ordervariant", "pk": 8, "fields": {"order": 4, "name": "05/92/GRAPHITE"}}, {"model": "sewing.ordervariant", "pk": 9, "fields": {"order": 4, "name": "04/Z4/NAVY"}}, {"model": "sewing.ordervariant", "pk": 10, "fields": {"order": 5, "name": "01/99/BLACK"}}, {"model": "sewing.ordervariant", "pk": 11, "fields": {"order": 6, "name": "01/B2/BLACK"}}, {"model": "sewing.ordervariant", "pk": 12, "fields": {"order": 7, "name": "1/37"}}, {"model": "sewing.ordervariant", "pk": 13, "fields": {"order": 8, "name": "03/ICE CREAM"}}, {"model": "sewing.ordervariant", "pk": 14, "fields": {"order": 8, "name": "05/BEIGE"}}, {"model": "sewing.ordervariant", "pk": 15, "fields": {"order": 8, "name": "04/DARK BROWN"}}, {"model": "sewing.ordervariant", "pk": 16, "fields": {"order": 8, "name": "02/BLACK"}}, {"model": "sewing.ordervariant", "pk": 17, "fields": {"order": 8, "name": "01/WHITE"}}, {"model": "sewing.ordervariant", "pk": 25, "fields": {"order": 11, "name": "01/01/IVORY"}}, {"model": "sewing.ordervariant", "pk": 26, "fields": {"order": 11, "name": "06/MILITARY+"}}, {"model": "sewing.ordervariant", "pk": 27, "fields": {"order": 11, "name": "02/WHITE+"}}, {"model": "sewing.ordervariant", "pk": 28, "fields": {"order": 10, "name": "02/179-18-4214 TPG"}}, {"model": "sewing.ordervariant", "pk": 29, "fields": {"order": 10, "name": "06/713-14-4501 TPG"}}, {"model": "sewing.ordervariant", "pk": 30, "fields": {"order": 10, "name": "01/177-18-4029 TPG"}}, {"model": "sewing.ordervariant", "pk": 31, "fields": {"order": 10, "name": "05/378-19-1875 TPG"}}, {"model": "sewing.ordervariant", "pk": 32, "fields": {"order": 12, "name": "02/713-14-4501 TPG"}}, {"model": "sewing.ordervariant", "pk": 33, "fields": {"order": 12, "name": "02/713-14-4501 TPG"}}, {"model": "sewing.ordervariant", "pk": 34, "fields": {"order": 12, "name": "01/376-19-1724 TPG"}}, {"model": "sewing.ordervariant", "pk": 35, "fields": {"order": 13, "name": "06/MILITARY+"}}, {"model": "sewing.ordervariant", "pk": 36, "fields": {"order": 13, "name": "02/WHITE+"}}, {"model": "sewing.ordervariant", "pk": 37, "fields": {"order": 14, "name": "01/Z4/NAVY"}}, {"model": "sewing.ordervariant", "pk": 38, "fields": {"order": 9, "name": "04/K1/PINK"}}, {"model": "sewing.ordervariant", "pk": 39, "fields": {"order": 9, "name": "02/81/PEONE"}}, {"model": "sewing.ordervariant", "pk": 40, "fields": {"order": 9, "name": "01/00/WHITE"}}, {"model": "sewing.ordervariant", "pk": 41, "fields": {"order": 9, "name": "03/99/BLACK"}}, {"model": "sewing.ordervariant", "pk": 42, "fields": {"order": 17, "name": "253"}}, {"model": "sewing.ordervariant", "pk": 43, "fields": {"order": 17, "name": "152"}}, {"model": "sewing.ordervariant", "pk": 44, "fields": {"order": 18, "name": "01"}}, {"model": "sewing.ordervariant", "pk": 45, "fields": {"order": 18, "name": "99"}}, {"model": "sewing.ordervariant", "pk": 46, "fields": {"order": 19, "name": "01"}}, {"model": "sewing.ordervariant", "pk": 47, "fields": {"order": 19, "name": "99"}}, {"model": "sewing.ordervariant", "pk": 48, "fields": {"order": 20, "name": "99"}}, {"model": "sewing.ordervariant", "pk": 49, "fields": {"order": 21, "name": "99"}}, {"model": "sewing.ordervariant", "pk": 50, "fields": {"order": 21, "name": "01"}}, {"model": "packaging.stockpackaging", "pk": 1, "fields": {"order": 1, "warehouse": 2}}, {"model": "packaging.stockpackaging", "pk": 2, "fields": {"order": 2, "warehouse": 2}}, {"model": "packaging.stockpackaging", "pk": 3, "fields": {"order": 5, "warehouse": 2}}, {"model": "packaging.stockpackaging", "pk": 4, "fields": {"order": 14, "warehouse": 2}}, {"model": "packaging.stockpackaging", "pk": 5, "fields": {"order": 9, "warehouse": 2}}, {"model": "packaging.stockpackagingvariant", "pk": 1, "fields": {"stock_packaging": 1, "variant": 1, "sort_1": 41, "sort_2": 21}}, {"model": "packaging.stockpackagingvariant", "pk": 2, "fields": {"stock_packaging": 2, "variant": 3, "sort_1": 18, "sort_2": 11}}, {"model": "packaging.stockpackagingvariant", "pk": 3, "fields": {"stock_packaging": 2, "variant": 4, "sort_1": 16, "sort_2": 8}}, {"model": "packaging.stockpackagingvariant", "pk": 4, "fields": {"stock_packaging": 3, "variant": 10, "sort_1": 8, "sort_2": 0}}, {"model": "packaging.stockpackagingvariant", "pk": 5, "fields": {"stock_packaging": 4, "variant": 37, "sort_1": 9, "sort_2": 0}}, {"model": "packaging.stockpackagingvariant", "pk": 6, "fields": {"stock_packaging": 5, "variant": 39, "sort_1": 16, "sort_2": 7}}]
